observation_no,osc_rpc_configuration_current.mppr_value,osc_rpc_configuration_current.mrif_value,osc_rpc_configuration_current.mdm_value,llite_stats_read_bytes.no_of_samples,llite_stats_read_bytes.sample_min,llite_stats_read_bytes.sample_max,llite_stats_read_bytes.samples_sum,llite_stats_write_bytes.no_of_samples,llite_stats_write_bytes.sample_min,llite_stats_write_bytes.sample_max,llite_stats_write_bytes.samples_sum,ost_read_rpc_bytes_data.no_of_samples,ost_read_rpc_bytes_data.sample_min,ost_read_rpc_bytes_data.sample_max,ost_read_rpc_bytes_data.samples_sum,ost_read_rpc_usec_data.no_of_samples,ost_read_rpc_usec_data.sample_min,ost_read_rpc_usec_data.sample_max,ost_read_rpc_usec_data.samples_sum,ost_write_rpc_bytes_data.no_of_samples,ost_write_rpc_bytes_data.sample_min,ost_write_rpc_bytes_data.sample_max,ost_write_rpc_bytes_data.samples_sum,ost_write_rpc_usec_data.no_of_samples,ost_write_rpc_usec_data.sample_min,ost_write_rpc_usec_data.sample_max,ost_write_rpc_usec_data.samples_sum,osc_req_waittime_data.no_of_samples,osc_req_waittime_data.sample_min,osc_req_waittime_data.sample_max,osc_req_waittime_data.samples_sum,osc_req_active_data.no_of_samples,osc_req_active_data.sample_min,osc_req_active_data.sample_max,osc_req_active_data.samples_sum,cur_dirty_bytes,cur_grant_bytes,cur_read_rif,pending_read_pages,cur_write_rif,pending_write_pages,is_dist_centered,avg_pages_per_write_rpc,write_avg_xfer_speed,write_max_xfer_speed,used_pct_dirty_cache,waittime_to_mrif_ratio,avg_waittime,write_rpc_generation_rate,avg_write_rpc_latency_per_unit_data,avg_write_rpc_waittime,avg_rpcs_in_flight,actual_record_duration
which observation it is (start from 1),max_pages_per_rpc (mppr),max_rpcs_in_flight (mrif),max_dirty_mb (mdm),total count of llite layer read IOs,minimum size of llite layer read IOs,maximum size of llite layer read IOs,total size of all llite layer read IOs,total count of llite layer write IOs,minimum size of llite layer write IOs,maximum size of llite layer write IOs,total size of all llite layer write IOs,total count of OSC layer read RPCs,minimum size of OSC layer read RPCs,maximum size of OSC layer read RPCs,total size of all OSC layer read RPCs,total count of OSC layer read RPCs,minimum time spent by OSC layer read RPCs,maximum time spent by OSC layer read RPCs,total time spent by all OSC layer read RPCs,total count of OSC layer write RPCs,minimum size of OSC layer write RPCs,maximum size of OSC layer write RPCs,total size of all OSC layer write RPCs,total count of OSC layer write RPCs,minimum time spent by OSC layer write RPCs,maximum time spent by OSC layer write RPCs,total time spent by all OSC layer write RPCs,total count of completed RPCs whose waittime got recorded,minimum waittime recorded among all completed RPCs,maximum waittime recorded among all completed RPCs,total amount of waittime recorded for all completed RPCs,total count of issued RPCs,minimum RPCs in the air observed among all issued RPCs,maximum RPCs in the air observed among all issued RPCs,total RPCs in the air observed for all issued RPCs,current amount of dirty pages (in bytes) in dirty page cache,current amount of space the client has reserved for the writeback cache with each OST,current amount of read RPCs in air,pending amount of read pages waiting to be cached,current amount of write RPCs in air,pending amount of write pages waiting to be cached,"is pages_per_rpc distribution centered: Centered(+1), Decentered(-1), Empty(0)",average pages observed among issued write RPCs,average transfer speed of write RPCs,maximum transfer speed of write RPCs,percentages of dirty page cache that is occupied,ratio of avg_waittime to max_rpcs_in_flight,average of waittime for all completed RPCs,how fast data is being utilized to generate RPCs,"the average amount of latency observed during write RPC communication for a unit (in Page, size = 4kB) of data",average of waittime for completed write RPCs,average number of observed RPCs in flight,actual snapshot record duration
0,1024,8,2000,0,0,0,0,0,0,0,0,0,0,0,0,0,0,0,0,0,0,0,0,0,0,0,0,0,0,0,0,0,0,0,0,0,1887485951,0,0,0,0,0,0.0,0,0,0.0,0,0,0,0,0,0,0
1,1024,1,2000,0,0,0,0,0,0,0,0,0,0,0,0,0,0,0,0,0,0,0,0,0,0,0,0,0,0,0,0,0,0,0,0,0,1887485951,0,0,0,0,1,0.0,0,0,0.0,0,0,0,0,0,0,0.6436285972595215
2,64,256,2000,0,0,0,0,0,0,0,0,0,0,0,0,0,0,0,0,0,0,0,0,0,0,0,0,0,0,0,0,0,0,0,0,0,1887485951,0,0,0,0,1,0.0,0,0,0.0,0,0,0,0,0,0,0.6268692016601562
3,8,1,2000,0,0,0,0,0,0,0,0,0,0,0,0,0,0,0,0,0,0,0,0,0,0,0,0,0,0,0,0,0,0,0,0,0,1887485951,0,0,0,0,1,0.0,0,0,0.0,0,0,0,0,0,0,0.5961103439331055
4,8,64,2000,0,0,0,0,0,0,0,0,0,0,0,0,0,0,0,0,0,0,0,0,0,0,0,0,0,0,0,0,0,0,0,0,0,1887485951,0,0,0,0,1,0.0,0,0,0.0,0,0,0,0,0,0,0.6004738807678223
5,256,4,2000,0,0,0,0,0,0,0,0,0,0,0,0,0,0,0,0,0,0,0,0,0,0,0,0,0,0,0,0,0,0,0,0,0,1887485951,0,0,0,0,1,0.0,0,0,0.0,0,0,0,0,0,0,0.6049668788909912
6,32,4,2000,0,0,0,0,38357,8192,8192,314220544,0,0,0,0,0,0,0,0,0,0,0,0,0,0,0,0,0,0,0,0,0,0,0,0,0,1887485951,0,0,0,0,1,0.0,0,0,0.0,0,0,0,0,0,0,0.6010165214538574
7,128,2,2000,0,0,0,0,24771,8192,8192,202924032,0,0,0,0,0,0,0,0,0,0,0,0,0,0,0,0,0,0,0,0,0,0,0,0,0,1887485951,0,0,0,0,1,0.0,0,0,0.0,0,0,0,0,0,0,0.6009256839752197
8,1024,2,2000,0,0,0,0,11042,8192,8192,90456064,0,0,0,0,0,0,0,0,0,0,0,0,0,0,0,0,0,0,0,0,0,0,0,0,0,1887485951,0,0,0,0,1,0.0,0,0,0.0,0,0,0,0,0,0,0.6400582790374756
9,128,4,2000,0,0,0,0,14009,8192,8192,114761728,0,0,0,0,0,0,0,0,0,0,0,0,0,0,0,0,0,0,0,0,0,0,0,0,0,1887485951,0,0,0,0,1,0.0,0,0,0.0,0,0,0,0,0,0,0.6023099422454834
10,32,2,2000,0,0,0,0,11720,8192,8192,96010240,0,0,0,0,0,0,0,0,0,0,0,0,0,0,0,0,0,0,0,0,0,0,0,0,0,1887485951,0,0,0,0,1,0.0,0,0,0.0,0,0,0,0,0,0,0.615947961807251
11,32,256,2000,0,0,0,0,10531,8192,8192,86269952,0,0,0,0,0,0,0,0,0,0,0,0,0,0,0,0,0,0,0,0,0,0,0,0,0,1887485951,0,0,0,0,1,0.0,0,0,0.0,0,0,0,0,0,0,0.623178243637085
12,16,1,2000,0,0,0,0,14059,8192,8192,115171328,0,0,0,0,0,0,0,0,0,0,0,0,0,0,0,0,0,0,0,0,0,0,0,0,0,1887485951,0,0,0,0,1,0.0,0,0,0.0,0,0,0,0,0,0,0.6403350830078125
13,512,64,2000,0,0,0,0,12800,8192,8192,104857600,0,0,0,0,0,0,0,0,0,0,0,0,0,0,0,0,0,0,0,0,0,0,0,0,0,1887485951,0,0,0,0,1,0.0,0,0,0.0,0,0,0,0,0,0,0.6306149959564209
14,8,256,2000,0,0,0,0,9990,8192,8192,81838080,0,0,0,0,0,0,0,0,0,0,0,0,0,0,0,0,0,0,0,0,0,0,0,0,0,1887485951,0,0,0,0,1,0.0,0,0,0.0,0,0,0,0,0,0,0.6224439144134521
15,16,4,2000,0,0,0,0,18803,8192,8192,154034176,0,0,0,0,0,0,0,0,0,0,0,0,0,0,0,0,0,0,0,0,0,0,0,0,0,1887485951,0,0,0,0,1,0.0,0,0,0.0,0,0,0,0,0,0,0.619849681854248
16,2,128,2000,0,0,0,0,10320,8192,8192,84541440,0,0,0,0,0,0,0,0,0,0,0,0,0,0,0,0,0,0,0,0,0,0,0,0,0,1887485951,0,0,0,0,1,0.0,0,0,0.0,0,0,0,0,0,0,0.613957405090332
17,256,128,2000,0,0,0,0,10895,8192,8192,89251840,0,0,0,0,0,0,0,0,0,0,0,0,0,0,0,0,0,0,0,0,0,0,0,0,0,1887485951,0,0,0,0,1,0.0,0,0,0.0,0,0,0,0,0,0,0.6233029365539551
18,1024,32,2000,0,0,0,0,10596,8192,8192,86802432,0,0,0,0,0,0,0,0,0,0,0,0,0,0,0,0,0,0,0,0,0,0,0,0,0,1887485951,0,0,0,0,1,0.0,0,0,0.0,0,0,0,0,0,0,0.6211283206939697
19,32,1,2000,0,0,0,0,13254,8192,8192,108576768,0,0,0,0,0,0,0,0,0,0,0,0,0,0,0,0,0,0,0,0,0,0,0,0,0,1887485951,0,0,0,0,1,0.0,0,0,0.0,0,0,0,0,0,0,0.6248676776885986
20,256,4,2000,0,0,0,0,10625,8192,8192,87040000,0,0,0,0,0,0,0,0,0,0,0,0,0,0,0,0,0,0,0,0,0,0,0,0,0,1887485951,0,0,0,0,1,0.0,0,0,0.0,0,0,0,0,0,0,0.6133236885070801
21,32,128,2000,0,0,0,0,15475,8192,8192,126771200,0,0,0,0,0,0,0,0,0,0,0,0,0,0,0,0,0,0,0,0,0,0,0,0,0,1887485951,0,0,0,0,1,0.0,0,0,0.0,0,0,0,0,0,0,0.6306588649749756
22,16,8,2000,0,0,0,0,8183,8192,8192,67035136,0,0,0,0,0,0,0,0,0,0,0,0,0,0,0,0,0,0,0,0,0,0,0,0,0,1887485951,0,0,0,0,1,0.0,0,0,0.0,0,0,0,0,0,0,0.6258549690246582
23,128,256,2000,0,0,0,0,16898,8192,8192,138428416,0,0,0,0,0,0,0,0,0,0,0,0,0,0,0,0,0,0,0,0,0,0,0,0,0,1887485951,0,0,0,0,1,0.0,0,0,0.0,0,0,0,0,0,0,0.6270802021026611
24,512,4,2000,0,0,0,0,16796,8192,8192,137592832,0,0,0,0,0,0,0,0,0,0,0,0,0,0,0,0,0,0,0,0,0,0,0,0,0,1887485951,0,0,0,0,1,0.0,0,0,0.0,0,0,0,0,0,0,0.6244850158691406
25,1024,64,2000,0,0,0,0,13713,8192,8192,112336896,0,0,0,0,0,0,0,0,0,0,0,0,0,0,0,0,0,0,0,0,0,0,0,0,0,1887485951,0,0,0,0,1,0.0,0,0,0.0,0,0,0,0,0,0,0.6161544322967529
26,32,8,2000,0,0,0,0,9269,8192,8192,75931648,0,0,0,0,0,0,0,0,0,0,0,0,0,0,0,0,0,0,0,0,0,0,0,0,0,1887485951,0,0,0,0,1,0.0,0,0,0.0,0,0,0,0,0,0,0.6322422027587891
27,512,256,2000,0,0,0,0,12335,8192,8192,101048320,0,0,0,0,0,0,0,0,0,0,0,0,0,0,0,0,0,0,0,0,0,0,0,0,0,1887485951,0,0,0,0,1,0.0,0,0,0.0,0,0,0,0,0,0,0.629253625869751
28,128,8,2000,0,0,0,0,7918,8192,8192,64864256,0,0,0,0,0,0,0,0,0,0,0,0,0,0,0,0,0,0,0,0,0,0,0,0,0,1887485951,0,0,0,0,1,0.0,0,0,0.0,0,0,0,0,0,0,0.6220555305480957
29,32,16,2000,0,0,0,0,2296,8192,8192,18808832,0,0,0,0,0,0,0,0,0,0,0,0,0,0,0,0,0,0,0,0,0,0,0,0,0,1887485951,0,0,0,0,1,0.0,0,0,0.0,0,0,0,0,0,0,0.6211833953857422
30,8,2,2000,0,0,0,0,11366,8192,8192,93110272,0,0,0,0,0,0,0,0,0,0,0,0,0,0,0,0,0,0,0,0,0,0,0,0,0,1887485951,0,0,0,0,1,0.0,0,0,0.0,0,0,0,0,0,0,0.6127476692199707
31,256,128,2000,0,0,0,0,10289,8192,8192,84287488,0,0,0,0,0,0,0,0,0,0,0,0,0,0,0,0,0,0,0,0,0,0,0,0,0,1887485951,0,0,0,0,1,0.0,0,0,0.0,0,0,0,0,0,0,0.6257340908050537
32,1024,4,2000,0,0,0,0,11147,8192,8192,91316224,0,0,0,0,0,0,0,0,0,0,0,0,0,0,0,0,0,0,0,0,0,0,0,0,0,1887485951,0,0,0,0,1,0.0,0,0,0.0,0,0,0,0,0,0,0.6251587867736816
33,1,32,2000,0,0,0,0,5735,8192,8192,46981120,0,0,0,0,0,0,0,0,0,0,0,0,0,0,0,0,0,0,0,0,0,0,0,0,0,1887485951,0,0,0,0,1,0.0,0,0,0.0,0,0,0,0,0,0,0.6222445964813232
34,1024,128,2000,0,0,0,0,11270,8192,8192,92323840,0,0,0,0,0,0,0,0,0,0,0,0,0,0,0,0,0,0,0,0,0,0,0,0,0,1887485951,0,0,0,0,1,0.0,0,0,0.0,0,0,0,0,0,0,0.6303770542144775
35,64,1,2000,0,0,0,0,14834,8192,8192,121520128,0,0,0,0,0,0,0,0,0,0,0,0,0,0,0,0,0,0,0,0,0,0,0,0,0,1887485951,0,0,0,0,1,0.0,0,0,0.0,0,0,0,0,0,0,0.602147102355957
36,256,16,2000,0,0,0,0,7886,8192,8192,64602112,0,0,0,0,0,0,0,0,0,0,0,0,0,0,0,0,0,0,0,0,0,0,0,0,0,1887485951,0,0,0,0,1,0.0,0,0,0.0,0,0,0,0,0,0,0.6281819343566895
37,8,128,2000,0,0,0,0,8659,8192,8192,70934528,0,0,0,0,0,0,0,0,0,0,0,0,0,0,0,0,0,0,0,0,0,0,0,0,0,1887485951,0,0,0,0,1,0.0,0,0,0.0,0,0,0,0,0,0,0.6326735019683838
38,32,1,2000,0,0,0,0,11192,8192,8192,91684864,0,0,0,0,0,0,0,0,0,0,0,0,0,0,0,0,0,0,0,0,0,0,0,0,0,1887485951,0,0,0,0,1,0.0,0,0,0.0,0,0,0,0,0,0,0.618872880935669
39,256,1,2000,0,0,0,0,12795,8192,8192,104816640,0,0,0,0,0,0,0,0,0,0,0,0,0,0,0,0,0,0,0,0,0,0,0,0,0,1887485951,0,0,0,0,1,0.0,0,0,0.0,0,0,0,0,0,0,0.6253137588500977
40,64,64,2000,0,0,0,0,8500,8192,8192,69632000,0,0,0,0,0,0,0,0,0,0,0,0,0,0,0,0,0,0,0,0,0,0,0,0,0,1887485951,0,0,0,0,1,0.0,0,0,0.0,0,0,0,0,0,0,0.6025831699371338
41,2,16,2000,0,0,0,0,12191,8192,8192,99868672,0,0,0,0,0,0,0,0,0,0,0,0,0,0,0,0,0,0,0,0,0,0,0,0,0,1887485951,0,0,0,0,1,0.0,0,0,0.0,0,0,0,0,0,0,0.6166002750396729
42,512,2,2000,0,0,0,0,15073,8192,8192,123478016,0,0,0,0,0,0,0,0,0,0,0,0,0,0,0,0,0,0,0,0,0,0,0,0,0,1887485951,0,0,0,0,1,0.0,0,0,0.0,0,0,0,0,0,0,0.6192831993103027
43,8,16,2000,0,0,0,0,11085,8192,8192,90808320,0,0,0,0,0,0,0,0,0,0,0,0,0,0,0,0,0,0,0,0,0,0,0,0,0,1887485951,0,0,0,0,1,0.0,0,0,0.0,0,0,0,0,0,0,0.6178750991821289
44,8,64,2000,0,0,0,0,9694,8192,8192,79413248,0,0,0,0,0,0,0,0,0,0,0,0,0,0,0,0,0,0,0,0,0,0,0,0,0,1887485951,0,0,0,0,1,0.0,0,0,0.0,0,0,0,0,0,0,0.614802360534668
45,16,32,2000,0,0,0,0,11618,8192,8192,95174656,0,0,0,0,0,0,0,0,0,0,0,0,0,0,0,0,0,0,0,0,0,0,0,0,0,1887485951,0,0,0,0,1,0.0,0,0,0.0,0,0,0,0,0,0,0.6192357540130615
46,8,8,2000,0,0,0,0,11929,8192,8192,97722368,0,0,0,0,0,0,0,0,0,0,0,0,0,0,0,0,0,0,0,0,0,0,0,0,0,1887485951,0,0,0,0,1,0.0,0,0,0.0,0,0,0,0,0,0,0.6276750564575195
47,1024,64,2000,0,0,0,0,3586,8192,8192,29376512,0,0,0,0,0,0,0,0,0,0,0,0,0,0,0,0,0,0,0,0,0,0,0,0,0,1887485951,0,0,0,0,1,0.0,0,0,0.0,0,0,0,0,0,0,0.6293518543243408
48,64,4,2000,0,0,0,0,0,0,0,0,0,0,0,0,0,0,0,0,0,0,0,0,0,0,0,0,0,0,0,0,0,0,0,0,0,1887485951,0,0,0,0,1,0.0,0,0,0.0,0,0,0,0,0,0,0.6253275871276855
49,128,32,2000,0,0,0,0,18,8192,8192,147456,0,0,0,0,0,0,0,0,0,0,0,0,0,0,0,0,0,0,0,0,0,0,0,0,0,1887485951,0,0,0,0,1,0.0,0,0,0.0,0,0,0,0,0,0,0.6270802021026611
50,256,64,2000,0,0,0,0,110,8192,8192,901120,0,0,0,0,0,0,0,0,0,0,0,0,0,0,0,0,0,0,0,0,0,0,0,0,0,1887485951,0,0,0,0,1,0.0,0,0,0.0,0,0,0,0,0,0,0.6237747669219971
51,16,8,2000,0,0,0,0,29556,8192,8192,242122752,0,0,0,0,0,0,0,0,0,0,0,0,0,0,0,0,0,0,0,0,0,0,0,0,0,1887485951,0,0,0,0,1,0.0,0,0,0.0,0,0,0,0,0,0,0.624053955078125
52,4,1,2000,0,0,0,0,32904,8192,8192,269549568,0,0,0,0,0,0,0,0,0,0,0,0,0,0,0,0,0,0,0,0,0,0,0,0,0,1887485951,0,0,0,0,1,0.0,0,0,0.0,0,0,0,0,0,0,0.6003098487854004
53,1,8,2000,0,0,0,0,10004,8192,8192,81952768,0,0,0,0,0,0,0,0,0,0,0,0,0,0,0,0,0,0,0,0,0,0,0,0,0,1887485951,0,0,0,0,1,0.0,0,0,0.0,0,0,0,0,0,0,0.6210329532623291
54,256,256,2000,0,0,0,0,13037,8192,8192,106799104,0,0,0,0,0,0,0,0,0,0,0,0,0,0,0,0,0,0,0,0,0,0,0,0,0,1887485951,0,0,0,0,1,0.0,0,0,0.0,0,0,0,0,0,0,0.6325633525848389
55,32,4,2000,0,0,0,0,1821,8192,8192,14917632,0,0,0,0,0,0,0,0,0,0,0,0,0,0,0,0,0,0,0,0,0,0,0,0,0,1887485951,0,0,0,0,1,0.0,0,0,0.0,0,0,0,0,0,0,0.6290881633758545
56,4,4,2000,0,0,0,0,10792,8192,8192,88408064,0,0,0,0,0,0,0,0,0,0,0,0,0,0,0,0,0,0,0,0,0,0,0,0,0,1887485951,0,0,0,0,1,0.0,0,0,0.0,0,0,0,0,0,0,0.6303753852844238
57,16,8,2000,0,0,0,0,2170,8192,8192,17776640,0,0,0,0,0,0,0,0,0,0,0,0,0,0,0,0,0,0,0,0,0,0,0,0,0,1887485951,0,0,0,0,1,0.0,0,0,0.0,0,0,0,0,0,0,0.62040114402771
58,2,16,2000,0,0,0,0,38957,8192,8192,319135744,0,0,0,0,0,0,0,0,0,0,0,0,0,0,0,0,0,0,0,0,0,0,0,0,0,1887485951,0,0,0,0,1,0.0,0,0,0.0,0,0,0,0,0,0,0.6146860122680664
59,64,16,2000,0,0,0,0,13379,8192,8192,109600768,0,0,0,0,0,0,0,0,0,0,0,0,0,0,0,0,0,0,0,0,0,0,0,0,0,1887485951,0,0,0,0,1,0.0,0,0,0.0,0,0,0,0,0,0,0.6079561710357666
60,64,8,2000,0,0,0,0,9134,8192,8192,74825728,0,0,0,0,0,0,0,0,0,0,0,0,0,0,0,0,0,0,0,0,0,0,0,0,0,1887485951,0,0,0,0,1,0.0,0,0,0.0,0,0,0,0,0,0,0.6345846652984619
61,64,32,2000,0,0,0,0,9944,8192,8192,81461248,0,0,0,0,0,0,0,0,0,0,0,0,0,0,0,0,0,0,0,0,0,0,0,0,0,1887485951,0,0,0,0,1,0.0,0,0,0.0,0,0,0,0,0,0,0.6332743167877197
62,128,32,2000,0,0,0,0,0,0,0,0,0,0,0,0,0,0,0,0,0,0,0,0,0,0,0,0,0,0,0,0,0,0,0,0,0,1887485951,0,0,0,0,1,0.0,0,0,0.0,0,0,0,0,0,0,0.6215851306915283
63,256,256,2000,0,0,0,0,11,8192,8192,90112,0,0,0,0,0,0,0,0,0,0,0,0,0,0,0,0,0,0,0,0,0,0,0,0,0,1887485951,0,0,0,0,1,0.0,0,0,0.0,0,0,0,0,0,0,0.6158208847045898
64,1024,128,2000,0,0,0,0,96,8192,8192,786432,0,0,0,0,0,0,0,0,0,0,0,0,0,0,0,0,0,0,0,0,0,0,0,0,0,1887485951,0,0,0,0,1,0.0,0,0,0.0,0,0,0,0,0,0,0.6186673641204834
65,512,16,2000,0,0,0,0,21607,8192,8192,177004544,0,0,0,0,0,0,0,0,0,0,0,0,0,0,0,0,0,0,0,0,0,0,0,0,0,1887485951,0,0,0,0,1,0.0,0,0,0.0,0,0,0,0,0,0,0.6181154251098633
66,512,256,2000,0,0,0,0,1138,8192,8192,9322496,0,0,0,0,0,0,0,0,0,0,0,0,0,0,0,0,0,0,0,0,0,0,0,0,0,1887485951,0,0,0,0,1,0.0,0,0,0.0,0,0,0,0,0,0,0.6144025325775146
67,8,256,2000,0,0,0,0,27644,8192,8192,226459648,0,0,0,0,0,0,0,0,0,0,0,0,0,0,0,0,0,0,0,0,0,0,0,0,0,1887485951,0,0,0,0,1,0.0,0,0,0.0,0,0,0,0,0,0,0.6287875175476074
68,128,16,2000,0,0,0,0,27868,8192,8192,228294656,0,0,0,0,0,0,0,0,0,0,0,0,0,0,0,0,0,0,0,0,0,0,0,0,0,1887485951,0,0,0,0,1,0.0,0,0,0.0,0,0,0,0,0,0,0.6046772003173828
69,2,128,2000,0,0,0,0,5096,8192,8192,41746432,0,0,0,0,0,0,0,0,0,0,0,0,0,0,0,0,0,0,0,0,0,0,0,0,0,1887485951,0,0,0,0,1,0.0,0,0,0.0,0,0,0,0,0,0,0.6153802871704102
70,128,64,2000,0,0,0,0,820,8192,8192,6717440,0,0,0,0,0,0,0,0,0,0,0,0,0,0,0,0,0,0,0,0,0,0,0,0,0,1887485951,0,0,0,0,1,0.0,0,0,0.0,0,0,0,0,0,0,0.6318118572235107
71,4,256,2000,0,0,0,0,21259,8192,8192,174153728,0,0,0,0,0,0,0,0,0,0,0,0,0,0,0,0,0,0,0,0,0,0,0,0,0,1887485951,0,0,0,0,1,0.0,0,0,0.0,0,0,0,0,0,0,0.6329140663146973
72,256,128,2000,0,0,0,0,35655,8192,8192,292085760,0,0,0,0,0,0,0,0,0,0,0,0,0,0,0,0,0,0,0,0,0,0,0,0,0,1887485951,0,0,0,0,1,0.0,0,0,0.0,0,0,0,0,0,0,0.6032121181488037
73,64,4,2000,0,0,0,0,2622,8192,8192,21479424,0,0,0,0,0,0,0,0,0,0,0,0,0,0,0,0,0,0,0,0,0,0,0,0,0,1887485951,0,0,0,0,1,0.0,0,0,0.0,0,0,0,0,0,0,0.636162519454956
74,128,16,2000,0,0,0,0,9017,8192,8192,73867264,0,0,0,0,0,0,0,0,0,0,0,0,0,0,0,0,0,0,0,0,0,0,0,0,0,1887485951,0,0,0,0,1,0.0,0,0,0.0,0,0,0,0,0,0,0.6309704780578613
75,8,128,2000,0,0,0,0,15144,8192,8192,124059648,0,0,0,0,0,0,0,0,0,0,0,0,0,0,0,0,0,0,0,0,0,0,0,0,0,1887485951,0,0,0,0,1,0.0,0,0,0.0,0,0,0,0,0,0,0.6206474304199219
76,1024,16,2000,0,0,0,0,286,8192,8192,2342912,0,0,0,0,0,0,0,0,0,0,0,0,0,0,0,0,0,0,0,0,0,0,0,0,0,1887485951,0,0,0,0,1,0.0,0,0,0.0,0,0,0,0,0,0,0.6262490749359131
77,2,16,2000,0,0,0,0,75,8192,8192,614400,0,0,0,0,0,0,0,0,0,0,0,0,0,0,0,0,0,0,0,0,0,0,0,0,0,1887485951,0,0,0,0,1,0.0,0,0,0.0,0,0,0,0,0,0,0.6225185394287109
78,1,64,2000,0,0,0,0,58,8192,8192,475136,0,0,0,0,0,0,0,0,0,0,0,0,0,0,0,0,0,0,0,0,0,0,0,0,0,1887485951,0,0,0,0,1,0.0,0,0,0.0,0,0,0,0,0,0,0.6198427677154541
79,512,64,2000,0,0,0,0,31298,8192,8192,256393216,0,0,0,0,0,0,0,0,0,0,0,0,0,0,0,0,0,0,0,0,0,0,0,0,0,1887485951,0,0,0,0,1,0.0,0,0,0.0,0,0,0,0,0,0,0.6345100402832031
80,8,256,2000,0,0,0,0,28629,8192,8192,234528768,0,0,0,0,0,0,0,0,0,0,0,0,0,0,0,0,0,0,0,0,0,0,0,0,0,1887485951,0,0,0,0,1,0.0,0,0,0.0,0,0,0,0,0,0,0.6033105850219727
81,32,8,2000,0,0,0,0,18732,8192,8192,153452544,0,0,0,0,0,0,0,0,0,0,0,0,0,0,0,0,0,0,0,0,0,0,0,0,0,1887485951,0,0,0,0,1,0.0,0,0,0.0,0,0,0,0,0,0,0.624913215637207
82,16,1,2000,0,0,0,0,7182,8192,8192,58834944,0,0,0,0,0,0,0,0,0,0,0,0,0,0,0,0,0,0,0,0,0,0,0,0,0,1887485951,0,0,0,0,1,0.0,0,0,0.0,0,0,0,0,0,0,0.6228864192962646
83,64,1,2000,0,0,0,0,6004,8192,8192,49184768,0,0,0,0,0,0,0,0,0,0,0,0,0,0,0,0,0,0,0,0,0,0,0,0,0,1887485951,0,0,0,0,1,0.0,0,0,0.0,0,0,0,0,0,0,0.615741491317749
84,256,256,2000,0,0,0,0,13812,8192,8192,113147904,0,0,0,0,0,0,0,0,0,0,0,0,0,0,0,0,0,0,0,0,0,0,0,0,0,1887485951,0,0,0,0,1,0.0,0,0,0.0,0,0,0,0,0,0,0.6208117008209229
85,64,64,2000,0,0,0,0,780,8192,8192,6389760,0,0,0,0,0,0,0,0,0,0,0,0,0,0,0,0,0,0,0,0,0,0,0,0,0,1887485951,0,0,0,0,1,0.0,0,0,0.0,0,0,0,0,0,0,0.6285140514373779
86,64,256,2000,0,0,0,0,24963,8192,8192,204496896,0,0,0,0,0,0,0,0,0,0,0,0,0,0,0,0,0,0,0,0,0,0,0,0,0,1887485951,0,0,0,0,1,0.0,0,0,0.0,0,0,0,0,0,0,0.6363489627838135
87,256,16,2000,0,0,0,0,18714,8192,8192,153305088,0,0,0,0,0,0,0,0,0,0,0,0,0,0,0,0,0,0,0,0,0,0,0,0,0,1887485951,0,0,0,0,1,0.0,0,0,0.0,0,0,0,0,0,0,0.6015040874481201
88,4,4,2000,0,0,0,0,10021,8192,8192,82092032,0,0,0,0,0,0,0,0,0,0,0,0,0,0,0,0,0,0,0,0,0,0,0,0,0,1887485951,0,0,0,0,1,0.0,0,0,0.0,0,0,0,0,0,0,0.63189697265625
89,2,16,2000,0,0,0,0,14320,8192,8192,117309440,0,0,0,0,0,0,0,0,0,0,0,0,0,0,0,0,0,0,0,0,0,0,0,0,0,1887485951,0,0,0,0,1,0.0,0,0,0.0,0,0,0,0,0,0,0.6458683013916016
90,512,64,2000,0,0,0,0,0,0,0,0,0,0,0,0,0,0,0,0,0,0,0,0,0,0,0,0,0,0,0,0,0,0,0,0,0,1887485951,0,0,0,0,1,0.0,0,0,0.0,0,0,0,0,0,0,0.637152910232544
91,1024,2,2000,0,0,0,0,98,8192,8192,802816,0,0,0,0,0,0,0,0,0,0,0,0,0,0,0,0,0,0,0,0,0,0,0,0,0,1887485951,0,0,0,0,1,0.0,0,0,0.0,0,0,0,0,0,0,0.6329152584075928
92,8,8,2000,0,0,0,0,81,8192,8192,663552,0,0,0,0,0,0,0,0,0,0,0,0,0,0,0,0,0,0,0,0,0,0,0,0,0,1887485951,0,0,0,0,1,0.0,0,0,0.0,0,0,0,0,0,0,0.6142830848693848
93,2,128,2000,0,0,0,0,32855,8192,8192,269148160,0,0,0,0,0,0,0,0,0,0,0,0,0,0,0,0,0,0,0,0,0,0,0,0,0,1887485951,0,0,0,0,1,0.0,0,0,0.0,0,0,0,0,0,0,0.6162166595458984
94,8,1,2000,0,0,0,0,26555,8192,8192,217538560,0,0,0,0,0,0,0,0,0,0,0,0,0,0,0,0,0,0,0,0,0,0,0,0,0,1887485951,0,0,0,0,1,0.0,0,0,0.0,0,0,0,0,0,0,0.6067774295806885
95,2,32,2000,0,0,0,0,9747,8192,8192,79847424,0,0,0,0,0,0,0,0,0,0,0,0,0,0,0,0,0,0,0,0,0,0,0,0,0,1887485951,0,0,0,0,1,0.0,0,0,0.0,0,0,0,0,0,0,0.6190845966339111
96,1024,256,2000,0,0,0,0,12970,8192,8192,106250240,0,0,0,0,0,0,0,0,0,0,0,0,0,0,0,0,0,0,0,0,0,0,0,0,0,1887485951,0,0,0,0,1,0.0,0,0,0.0,0,0,0,0,0,0,0.6230504512786865
97,256,16,2000,0,0,0,0,2575,8192,8192,21094400,0,0,0,0,0,0,0,0,0,0,0,0,0,0,0,0,0,0,0,0,0,0,0,0,0,1887485951,0,0,0,0,1,0.0,0,0,0.0,0,0,0,0,0,0,0.6425724029541016
98,64,256,2000,0,0,0,0,0,0,0,0,0,0,0,0,0,0,0,0,0,0,0,0,0,0,0,0,0,0,0,0,0,0,0,0,0,1887485951,0,0,0,0,1,0.0,0,0,0.0,0,0,0,0,0,0,0.6073267459869385
99,8,128,2000,0,0,0,0,34,8192,8192,278528,0,0,0,0,0,0,0,0,0,0,0,0,0,0,0,0,0,0,0,0,0,0,0,0,0,1887485951,0,0,0,0,1,0.0,0,0,0.0,0,0,0,0,0,0,0.6166636943817139
100,2,16,2000,0,0,0,0,15512,8192,8192,127074304,0,0,0,0,0,0,0,0,0,0,0,0,0,0,0,0,0,0,0,0,0,0,0,0,0,1887485951,0,0,0,0,1,0.0,0,0,0.0,0,0,0,0,0,0,0.621544599533081
101,128,4,2000,0,0,0,0,20615,8192,8192,168878080,0,0,0,0,0,0,0,0,0,0,0,0,0,0,0,0,0,0,0,0,0,0,0,0,0,1887485951,0,0,0,0,1,0.0,0,0,0.0,0,0,0,0,0,0,0.6213743686676025
102,4,2,2000,0,0,0,0,36552,8192,8192,299433984,0,0,0,0,0,0,0,0,0,0,0,0,0,0,0,0,0,0,0,0,0,0,0,0,0,1887485951,0,0,0,0,1,0.0,0,0,0.0,0,0,0,0,0,0,0.6003508567810059
103,32,8,2000,0,0,0,0,11297,8192,8192,92545024,0,0,0,0,0,0,0,0,0,0,0,0,0,0,0,0,0,0,0,0,0,0,0,0,0,1887485951,0,0,0,0,1,0.0,0,0,0.0,0,0,0,0,0,0,0.63161301612854
104,64,2,2000,0,0,0,0,0,0,0,0,0,0,0,0,0,0,0,0,0,0,0,0,0,0,0,0,0,0,0,0,0,0,0,0,0,1887485951,0,0,0,0,1,0.0,0,0,0.0,0,0,0,0,0,0,0.6226999759674072
105,4,2,2000,0,0,0,0,12486,8192,8192,102285312,0,0,0,0,0,0,0,0,0,0,0,0,0,0,0,0,0,0,0,0,0,0,0,0,0,1887485951,0,0,0,0,1,0.0,0,0,0.0,0,0,0,0,0,0,0.6287562847137451
106,256,32,2000,0,0,0,0,18515,8192,8192,151674880,0,0,0,0,0,0,0,0,0,0,0,0,0,0,0,0,0,0,0,0,0,0,0,0,0,1887485951,0,0,0,0,1,0.0,0,0,0.0,0,0,0,0,0,0,0.639915943145752
107,8,256,2000,0,0,0,0,13149,8192,8192,107716608,0,0,0,0,0,0,0,0,0,0,0,0,0,0,0,0,0,0,0,0,0,0,0,0,0,1887485951,0,0,0,0,1,0.0,0,0,0.0,0,0,0,0,0,0,0.632072925567627
108,1,256,2000,0,0,0,0,7236,8192,8192,59277312,0,0,0,0,0,0,0,0,0,0,0,0,0,0,0,0,0,0,0,0,0,0,0,0,0,1887485951,0,0,0,0,1,0.0,0,0,0.0,0,0,0,0,0,0,0.628983736038208
109,2,256,2000,0,0,0,0,9141,8192,8192,74883072,0,0,0,0,0,0,0,0,0,0,0,0,0,0,0,0,0,0,0,0,0,0,0,0,0,1887485951,0,0,0,0,1,0.0,0,0,0.0,0,0,0,0,0,0,0.6338021755218506
110,512,1,2000,0,0,0,0,10190,8192,8192,83476480,0,0,0,0,0,0,0,0,0,0,0,0,0,0,0,0,0,0,0,0,0,0,0,0,0,1887485951,0,0,0,0,1,0.0,0,0,0.0,0,0,0,0,0,0,0.637709379196167
111,1024,4,2000,0,0,0,0,12835,8192,8192,105144320,0,0,0,0,0,0,0,0,0,0,0,0,0,0,0,0,0,0,0,0,0,0,0,0,0,1887485951,0,0,0,0,1,0.0,0,0,0.0,0,0,0,0,0,0,0.6313767433166504
112,8,1,2000,0,0,0,0,11825,8192,8192,96870400,0,0,0,0,0,0,0,0,0,0,0,0,0,0,0,0,0,0,0,0,0,0,0,0,0,1887485951,0,0,0,0,1,0.0,0,0,0.0,0,0,0,0,0,0,0.6087384223937988
113,256,32,2000,0,0,0,0,10582,8192,8192,86687744,0,0,0,0,0,0,0,0,0,0,0,0,0,0,0,0,0,0,0,0,0,0,0,0,0,1887485951,0,0,0,0,1,0.0,0,0,0.0,0,0,0,0,0,0,0.6144802570343018
114,1,4,2000,0,0,0,0,4640,8192,8192,38010880,0,0,0,0,0,0,0,0,0,0,0,0,0,0,0,0,0,0,0,0,0,0,0,0,0,1887485951,0,0,0,0,1,0.0,0,0,0.0,0,0,0,0,0,0,0.6250035762786865
115,256,256,2000,0,0,0,0,6261,8192,8192,51290112,0,0,0,0,0,0,0,0,0,0,0,0,0,0,0,0,0,0,0,0,0,0,0,0,0,1887485951,0,0,0,0,1,0.0,0,0,0.0,0,0,0,0,0,0,0.6398909091949463
116,16,32,2000,0,0,0,0,10811,8192,8192,88563712,0,0,0,0,0,0,0,0,0,0,0,0,0,0,0,0,0,0,0,0,0,0,0,0,0,1887485951,0,0,0,0,1,0.0,0,0,0.0,0,0,0,0,0,0,0.6319084167480469
117,64,2,2000,0,0,0,0,9676,8192,8192,79265792,0,0,0,0,0,0,0,0,0,0,0,0,0,0,0,0,0,0,0,0,0,0,0,0,0,1887485951,0,0,0,0,1,0.0,0,0,0.0,0,0,0,0,0,0,0.6181020736694336
118,256,256,2000,0,0,0,0,12461,8192,8192,102080512,0,0,0,0,0,0,0,0,0,0,0,0,0,0,0,0,0,0,0,0,0,0,0,0,0,1887485951,0,0,0,0,1,0.0,0,0,0.0,0,0,0,0,0,0,0.6288526058197021
119,16,8,2000,0,0,0,0,11900,8192,8192,97484800,0,0,0,0,0,0,0,0,0,0,0,0,0,0,0,0,0,0,0,0,0,0,0,0,0,1887485951,0,0,0,0,1,0.0,0,0,0.0,0,0,0,0,0,0,0.631788969039917
120,16,8,2000,0,0,0,0,12492,8192,8192,102334464,0,0,0,0,0,0,0,0,0,0,0,0,0,0,0,0,0,0,0,0,0,0,0,0,0,1887485951,0,0,0,0,1,0.0,0,0,0.0,0,0,0,0,0,0,0.6237051486968994
121,1024,1,2000,0,0,0,0,15417,8192,8192,126296064,0,0,0,0,0,0,0,0,0,0,0,0,0,0,0,0,0,0,0,0,0,0,0,0,0,1887485951,0,0,0,0,1,0.0,0,0,0.0,0,0,0,0,0,0,0.6130890846252441
122,2,1,2000,0,0,0,0,14593,8192,8192,119545856,0,0,0,0,0,0,0,0,0,0,0,0,0,0,0,0,0,0,0,0,0,0,0,0,0,1887485951,0,0,0,0,1,0.0,0,0,0.0,0,0,0,0,0,0,0.618593692779541
123,4,16,2000,0,0,0,0,15063,8192,8192,123396096,0,0,0,0,0,0,0,0,0,0,0,0,0,0,0,0,0,0,0,0,0,0,0,0,0,1887485951,0,0,0,0,1,0.0,0,0,0.0,0,0,0,0,0,0,0.6261637210845947
124,128,4,2000,0,0,0,0,13493,8192,8192,110534656,0,0,0,0,0,0,0,0,0,0,0,0,0,0,0,0,0,0,0,0,0,0,0,0,0,1887485951,0,0,0,0,1,0.0,0,0,0.0,0,0,0,0,0,0,0.6055259704589844
125,128,4,2000,0,0,0,0,10016,8192,8192,82051072,0,0,0,0,0,0,0,0,0,0,0,0,0,0,0,0,0,0,0,0,0,0,0,0,0,1887485951,0,0,0,0,1,0.0,0,0,0.0,0,0,0,0,0,0,0.6291964054107666
126,32,1,2000,0,0,0,0,11313,8192,8192,92676096,0,0,0,0,0,0,0,0,0,0,0,0,0,0,0,0,0,0,0,0,0,0,0,0,0,1887485951,0,0,0,0,1,0.0,0,0,0.0,0,0,0,0,0,0,0.626314640045166
127,1,64,2000,0,0,0,0,6698,8192,8192,54870016,0,0,0,0,0,0,0,0,0,0,0,0,0,0,0,0,0,0,0,0,0,0,0,0,0,1887485951,0,0,0,0,1,0.0,0,0,0.0,0,0,0,0,0,0,0.6259279251098633
128,2,256,2000,0,0,0,0,15676,8192,8192,128417792,0,0,0,0,0,0,0,0,0,0,0,0,0,0,0,0,0,0,0,0,0,0,0,0,0,1887485951,0,0,0,0,1,0.0,0,0,0.0,0,0,0,0,0,0,0.6317827701568604
129,8,64,2000,0,0,0,0,10116,8192,8192,82870272,0,0,0,0,0,0,0,0,0,0,0,0,0,0,0,0,0,0,0,0,0,0,0,0,0,1887485951,0,0,0,0,1,0.0,0,0,0.0,0,0,0,0,0,0,0.6167826652526855
130,256,1,2000,0,0,0,0,12497,8192,8192,102375424,0,0,0,0,0,0,0,0,0,0,0,0,0,0,0,0,0,0,0,0,0,0,0,0,0,1887485951,0,0,0,0,1,0.0,0,0,0.0,0,0,0,0,0,0,0.6273212432861328
131,1,2,2000,0,0,0,0,3662,8192,8192,29999104,0,0,0,0,0,0,0,0,0,0,0,0,0,0,0,0,0,0,0,0,0,0,0,0,0,1887485951,0,0,0,0,1,0.0,0,0,0.0,0,0,0,0,0,0,0.623964786529541
132,512,256,2000,0,0,0,0,1862,8192,8192,15253504,0,0,0,0,0,0,0,0,0,0,0,0,0,0,0,0,0,0,0,0,0,0,0,0,0,1887485951,0,0,0,0,1,0.0,0,0,0.0,0,0,0,0,0,0,0.6102349758148193
133,256,1,2000,0,0,0,0,10298,8192,8192,84361216,0,0,0,0,0,0,0,0,0,0,0,0,0,0,0,0,0,0,0,0,0,0,0,0,0,1887485951,0,0,0,0,1,0.0,0,0,0.0,0,0,0,0,0,0,0.6292641162872314
134,4,16,2000,0,0,0,0,13013,8192,8192,106602496,0,0,0,0,0,0,0,0,0,0,0,0,0,0,0,0,0,0,0,0,0,0,0,0,0,1887485951,0,0,0,0,1,0.0,0,0,0.0,0,0,0,0,0,0,0.6298065185546875
135,16,4,2000,0,0,0,0,14876,8192,8192,121864192,0,0,0,0,0,0,0,0,0,0,0,0,0,0,0,0,0,0,0,0,0,0,0,0,0,1887485951,0,0,0,0,1,0.0,0,0,0.0,0,0,0,0,0,0,0.6332776546478271
136,1,64,2000,0,0,0,0,17115,8192,8192,140206080,0,0,0,0,0,0,0,0,0,0,0,0,0,0,0,0,0,0,0,0,0,0,0,0,0,1887485951,0,0,0,0,1,0.0,0,0,0.0,0,0,0,0,0,0,0.634080171585083
137,64,8,2000,0,0,0,0,10937,8192,8192,89595904,0,0,0,0,0,0,0,0,0,0,0,0,0,0,0,0,0,0,0,0,0,0,0,0,0,1887485951,0,0,0,0,1,0.0,0,0,0.0,0,0,0,0,0,0,0.6360383033752441
138,512,64,2000,0,0,0,0,9927,8192,8192,81321984,0,0,0,0,0,0,0,0,0,0,0,0,0,0,0,0,0,0,0,0,0,0,0,0,0,1887485951,0,0,0,0,1,0.0,0,0,0.0,0,0,0,0,0,0,0.630347728729248
139,256,32,2000,0,0,0,0,9867,8192,8192,80830464,0,0,0,0,0,0,0,0,0,0,0,0,0,0,0,0,0,0,0,0,0,0,0,0,0,1887485951,0,0,0,0,1,0.0,0,0,0.0,0,0,0,0,0,0,0.6216106414794922
140,8,32,2000,0,0,0,0,17669,8192,8192,144744448,0,0,0,0,0,0,0,0,0,0,0,0,0,0,0,0,0,0,0,0,0,0,0,0,0,1887485951,0,0,0,0,1,0.0,0,0,0.0,0,0,0,0,0,0,0.6142423152923584
141,1,128,2000,0,0,0,0,12239,8192,8192,100261888,0,0,0,0,0,0,0,0,0,0,0,0,0,0,0,0,0,0,0,0,0,0,0,0,0,1887485951,0,0,0,0,1,0.0,0,0,0.0,0,0,0,0,0,0,0.6342809200286865
142,256,64,2000,0,0,0,0,5243,8192,8192,42950656,0,0,0,0,0,0,0,0,0,0,0,0,0,0,0,0,0,0,0,0,0,0,0,0,0,1887485951,0,0,0,0,1,0.0,0,0,0.0,0,0,0,0,0,0,0.6329460144042969
143,4,4,2000,0,0,0,0,8022,8192,8192,65716224,0,0,0,0,0,0,0,0,0,0,0,0,0,0,0,0,0,0,0,0,0,0,0,0,0,1887485951,0,0,0,0,1,0.0,0,0,0.0,0,0,0,0,0,0,0.6347131729125977
144,64,1,2000,0,0,0,0,20703,8192,8192,169598976,0,0,0,0,0,0,0,0,0,0,0,0,0,0,0,0,0,0,0,0,0,0,0,0,0,1887485951,0,0,0,0,1,0.0,0,0,0.0,0,0,0,0,0,0,0.6038973331451416
145,1,1,2000,0,0,0,0,1312,8192,8192,10747904,0,0,0,0,0,0,0,0,0,0,0,0,0,0,0,0,0,0,0,0,0,0,0,0,0,1887485951,0,0,0,0,1,0.0,0,0,0.0,0,0,0,0,0,0,0.624699592590332
146,1024,32,2000,0,0,0,0,34649,8192,8192,283844608,0,0,0,0,0,0,0,0,0,0,0,0,0,0,0,0,0,0,0,0,0,0,0,0,0,1887485951,0,0,0,0,1,0.0,0,0,0.0,0,0,0,0,0,0,0.6266770362854004
147,128,4,2000,0,0,0,0,6432,8192,8192,52690944,0,0,0,0,0,0,0,0,0,0,0,0,0,0,0,0,0,0,0,0,0,0,0,0,0,1887485951,0,0,0,0,1,0.0,0,0,0.0,0,0,0,0,0,0,0.6395235061645508
148,512,2,2000,0,0,0,0,16038,8192,8192,131383296,0,0,0,0,0,0,0,0,0,0,0,0,0,0,0,0,0,0,0,0,0,0,0,0,0,1887485951,0,0,0,0,1,0.0,0,0,0.0,0,0,0,0,0,0,0.6264293193817139
149,4,32,2000,0,0,0,0,4065,8192,8192,33300480,0,0,0,0,0,0,0,0,0,0,0,0,0,0,0,0,0,0,0,0,0,0,0,0,0,1887485951,0,0,0,0,1,0.0,0,0,0.0,0,0,0,0,0,0,0.6266071796417236
150,1024,256,2000,0,0,0,0,4501,8192,8192,36872192,0,0,0,0,0,0,0,0,0,0,0,0,0,0,0,0,0,0,0,0,0,0,0,0,0,1887485951,0,0,0,0,1,0.0,0,0,0.0,0,0,0,0,0,0,0.6275928020477295
151,16,16,2000,0,0,0,0,36672,8192,8192,300417024,0,0,0,0,0,0,0,0,0,0,0,0,0,0,0,0,0,0,0,0,0,0,0,0,0,1887485951,0,0,0,0,1,0.0,0,0,0.0,0,0,0,0,0,0,0.6143274307250977
152,256,256,2000,0,0,0,0,5621,8192,8192,46047232,0,0,0,0,0,0,0,0,0,0,0,0,0,0,0,0,0,0,0,0,0,0,0,0,0,1887485951,0,0,0,0,1,0.0,0,0,0.0,0,0,0,0,0,0,0.6214194297790527
153,256,16,2000,0,0,0,0,13393,8192,8192,109715456,0,0,0,0,0,0,0,0,0,0,0,0,0,0,0,0,0,0,0,0,0,0,0,0,0,1887485951,0,0,0,0,1,0.0,0,0,0.0,0,0,0,0,0,0,0.6224708557128906
154,512,1,2000,0,0,0,0,14736,8192,8192,120717312,0,0,0,0,0,0,0,0,0,0,0,0,0,0,0,0,0,0,0,0,0,0,0,0,0,1887485951,0,0,0,0,1,0.0,0,0,0.0,0,0,0,0,0,0,0.6258187294006348
155,2,256,2000,0,0,0,0,3893,8192,8192,31891456,0,0,0,0,0,0,0,0,0,0,0,0,0,0,0,0,0,0,0,0,0,0,0,0,0,1887485951,0,0,0,0,1,0.0,0,0,0.0,0,0,0,0,0,0,0.6276412010192871
156,8,16,2000,0,0,0,0,251,8192,8192,2056192,0,0,0,0,0,0,0,0,0,0,0,0,0,0,0,0,0,0,0,0,0,0,0,0,0,1887485951,0,0,0,0,1,0.0,0,0,0.0,0,0,0,0,0,0,0.6273670196533203
157,16,16,2000,0,0,0,0,1999,8192,8192,16375808,0,0,0,0,0,0,0,0,0,0,0,0,0,0,0,0,0,0,0,0,0,0,0,0,0,1887485951,0,0,0,0,1,0.0,0,0,0.0,0,0,0,0,0,0,0.6168572902679443
158,1024,8,2000,0,0,0,0,33237,8192,8192,272277504,0,0,0,0,0,0,0,0,0,0,0,0,0,0,0,0,0,0,0,0,0,0,0,0,0,1887485951,0,0,0,0,1,0.0,0,0,0.0,0,0,0,0,0,0,0.5999581813812256
159,8,2,2000,0,0,0,0,0,0,0,0,0,0,0,0,0,0,0,0,0,0,0,0,0,0,0,0,0,0,0,0,0,0,0,0,0,1887485951,0,0,0,0,1,0.0,0,0,0.0,0,0,0,0,0,0,0.6110067367553711
160,256,16,2000,0,0,0,0,9758,8192,8192,79937536,0,0,0,0,0,0,0,0,0,0,0,0,0,0,0,0,0,0,0,0,0,0,0,0,0,1887485951,0,0,0,0,1,0.0,0,0,0.0,0,0,0,0,0,0,0.6148960590362549
161,1,4,2000,0,0,0,0,1659,8192,8192,13590528,0,0,0,0,0,0,0,0,0,0,0,0,0,0,0,0,0,0,0,0,0,0,0,0,0,1887485951,0,0,0,0,1,0.0,0,0,0.0,0,0,0,0,0,0,0.6339695453643799
162,512,8,2000,0,0,0,0,66,8192,8192,540672,0,0,0,0,0,0,0,0,0,0,0,0,0,0,0,0,0,0,0,0,0,0,0,0,0,1887485951,0,0,0,0,1,0.0,0,0,0.0,0,0,0,0,0,0,0.6271014213562012
163,256,256,2000,0,0,0,0,190,8192,8192,1556480,0,0,0,0,0,0,0,0,0,0,0,0,0,0,0,0,0,0,0,0,0,0,0,0,0,1887485951,0,0,0,0,1,0.0,0,0,0.0,0,0,0,0,0,0,0.6209080219268799
164,2,1,2000,0,0,0,0,32847,8192,8192,269082624,0,0,0,0,0,0,0,0,0,0,0,0,0,0,0,0,0,0,0,0,0,0,0,0,0,1887485951,0,0,0,0,1,0.0,0,0,0.0,0,0,0,0,0,0,0.6338610649108887
165,128,1,2000,0,0,0,0,28402,8192,8192,232669184,0,0,0,0,0,0,0,0,0,0,0,0,0,0,0,0,0,0,0,0,0,0,0,0,0,1887485951,0,0,0,0,1,0.0,0,0,0.0,0,0,0,0,0,0,0.6011619567871094
166,4,16,2000,0,0,0,0,14581,8192,8192,119447552,0,0,0,0,0,0,0,0,0,0,0,0,0,0,0,0,0,0,0,0,0,0,0,0,0,1887485951,0,0,0,0,1,0.0,0,0,0.0,0,0,0,0,0,0,0.6014788150787354
167,256,2,2000,0,0,0,0,6273,8192,8192,51388416,0,0,0,0,0,0,0,0,0,0,0,0,0,0,0,0,0,0,0,0,0,0,0,0,0,1887485951,0,0,0,0,1,0.0,0,0,0.0,0,0,0,0,0,0,0.6361775398254395
168,16,32,2000,0,0,0,0,937,8192,8192,7675904,0,0,0,0,0,0,0,0,0,0,0,0,0,0,0,0,0,0,0,0,0,0,0,0,0,1887485951,0,0,0,0,1,0.0,0,0,0.0,0,0,0,0,0,0,0.6310791969299316
169,16,32,2000,0,0,0,0,561,8192,8192,4595712,0,0,0,0,0,0,0,0,0,0,0,0,0,0,0,0,0,0,0,0,0,0,0,0,0,1887485951,0,0,0,0,1,0.0,0,0,0.0,0,0,0,0,0,0,0.6226963996887207
170,128,4,2000,0,0,0,0,303,8192,8192,2482176,0,0,0,0,0,0,0,0,0,0,0,0,0,0,0,0,0,0,0,0,0,0,0,0,0,1887485951,0,0,0,0,1,0.0,0,0,0.0,0,0,0,0,0,0,0.6189842224121094
171,32,128,2000,0,0,0,0,27242,8192,8192,223166464,0,0,0,0,0,0,0,0,0,0,0,0,0,0,0,0,0,0,0,0,0,0,0,0,0,1887485951,0,0,0,0,1,0.0,0,0,0.0,0,0,0,0,0,0,0.6184036731719971
172,32,32,2000,0,0,0,0,31321,8192,8192,256581632,0,0,0,0,0,0,0,0,0,0,0,0,0,0,0,0,0,0,0,0,0,0,0,0,0,1887485951,0,0,0,0,1,0.0,0,0,0.0,0,0,0,0,0,0,0.6006083488464355
173,4,16,2000,0,0,0,0,0,0,0,0,0,0,0,0,0,0,0,0,0,0,0,0,0,0,0,0,0,0,0,0,0,0,0,0,0,1887485951,0,0,0,0,1,0.0,0,0,0.0,0,0,0,0,0,0,0.6045494079589844
174,512,8,2000,0,0,0,0,4574,8192,8192,37470208,0,0,0,0,0,0,0,0,0,0,0,0,0,0,0,0,0,0,0,0,0,0,0,0,0,1887485951,0,0,0,0,1,0.0,0,0,0.0,0,0,0,0,0,0,0.6047048568725586
175,64,1,2000,0,0,0,0,9708,8192,8192,79527936,0,0,0,0,0,0,0,0,0,0,0,0,0,0,0,0,0,0,0,0,0,0,0,0,0,1887485951,0,0,0,0,1,0.0,0,0,0.0,0,0,0,0,0,0,0.6341602802276611
176,64,32,2000,0,0,0,0,0,0,0,0,0,0,0,0,0,0,0,0,0,0,0,0,0,0,0,0,0,0,0,0,0,0,0,0,0,1887485951,0,0,0,0,1,0.0,0,0,0.0,0,0,0,0,0,0,0.6379127502441406
177,1,2,2000,0,0,0,0,24,8192,8192,196608,0,0,0,0,0,0,0,0,0,0,0,0,0,0,0,0,0,0,0,0,0,0,0,0,0,1887485951,0,0,0,0,1,0.0,0,0,0.0,0,0,0,0,0,0,0.6182570457458496
178,16,32,2000,0,0,0,0,1014,8192,8192,8306688,0,0,0,0,0,0,0,0,0,0,0,0,0,0,0,0,0,0,0,0,0,0,0,0,0,1887485951,0,0,0,0,1,0.0,0,0,0.0,0,0,0,0,0,0,0.6199452877044678
179,2,32,2000,0,0,0,0,44137,8192,8192,361570304,0,0,0,0,0,0,0,0,0,0,0,0,0,0,0,0,0,0,0,0,0,0,0,0,0,1887485951,0,0,0,0,1,0.0,0,0,0.0,0,0,0,0,0,0,0.6333134174346924
180,2,4,2000,0,0,0,0,14054,8192,8192,115130368,0,0,0,0,0,0,0,0,0,0,0,0,0,0,0,0,0,0,0,0,0,0,0,0,0,1887485951,0,0,0,0,1,0.0,0,0,0.0,0,0,0,0,0,0,0.6057684421539307
181,4,128,2000,0,0,0,0,8500,8192,8192,69632000,0,0,0,0,0,0,0,0,0,0,0,0,0,0,0,0,0,0,0,0,0,0,0,0,0,1887485951,0,0,0,0,1,0.0,0,0,0.0,0,0,0,0,0,0,0.6288392543792725
182,1,64,2000,0,0,0,0,11055,8192,8192,90562560,0,0,0,0,0,0,0,0,0,0,0,0,0,0,0,0,0,0,0,0,0,0,0,0,0,1887485951,0,0,0,0,1,0.0,0,0,0.0,0,0,0,0,0,0,0.6336965560913086
183,16,4,2000,0,0,0,0,1010,8192,8192,8273920,0,0,0,0,0,0,0,0,0,0,0,0,0,0,0,0,0,0,0,0,0,0,0,0,0,1887485951,0,0,0,0,1,0.0,0,0,0.0,0,0,0,0,0,0,0.6347126960754395
184,1,4,2000,0,0,0,0,6075,8192,8192,49766400,0,0,0,0,0,0,0,0,0,0,0,0,0,0,0,0,0,0,0,0,0,0,0,0,0,1887485951,0,0,0,0,1,0.0,0,0,0.0,0,0,0,0,0,0,0.6272256374359131
185,8,32,2000,0,0,0,0,15417,8192,8192,126296064,0,0,0,0,0,0,0,0,0,0,0,0,0,0,0,0,0,0,0,0,0,0,0,0,0,1887485951,0,0,0,0,1,0.0,0,0,0.0,0,0,0,0,0,0,0.6361687183380127
186,2,256,2000,0,0,0,0,32685,8192,8192,267755520,0,0,0,0,0,0,0,0,0,0,0,0,0,0,0,0,0,0,0,0,0,0,0,0,0,1887485951,0,0,0,0,1,0.0,0,0,0.0,0,0,0,0,0,0,0.6020684242248535
187,32,32,2000,0,0,0,0,12483,8192,8192,102260736,0,0,0,0,0,0,0,0,0,0,0,0,0,0,0,0,0,0,0,0,0,0,0,0,0,1887485951,0,0,0,0,1,0.0,0,0,0.0,0,0,0,0,0,0,0.6238362789154053
188,4,1,2000,0,0,0,0,10805,8192,8192,88514560,0,0,0,0,0,0,0,0,0,0,0,0,0,0,0,0,0,0,0,0,0,0,0,0,0,1887485951,0,0,0,0,1,0.0,0,0,0.0,0,0,0,0,0,0,0.6306674480438232
189,1024,2,2000,0,0,0,0,2351,8192,8192,19259392,0,0,0,0,0,0,0,0,0,0,0,0,0,0,0,0,0,0,0,0,0,0,0,0,0,1887485951,0,0,0,0,1,0.0,0,0,0.0,0,0,0,0,0,0,0.6283729076385498
190,128,8,2000,0,0,0,0,0,0,0,0,0,0,0,0,0,0,0,0,0,0,0,0,0,0,0,0,0,0,0,0,0,0,0,0,0,1887485951,0,0,0,0,1,0.0,0,0,0.0,0,0,0,0,0,0,0.6270732879638672
191,256,8,2000,0,0,0,0,31,8192,8192,253952,0,0,0,0,0,0,0,0,0,0,0,0,0,0,0,0,0,0,0,0,0,0,0,0,0,1887485951,0,0,0,0,1,0.0,0,0,0.0,0,0,0,0,0,0,0.6192460060119629
192,128,2,2000,0,0,0,0,8222,8192,8192,67354624,0,0,0,0,0,0,0,0,0,0,0,0,0,0,0,0,0,0,0,0,0,0,0,0,0,1887485951,0,0,0,0,1,0.0,0,0,0.0,0,0,0,0,0,0,0.6207230091094971
193,4,2,2000,0,0,0,0,37784,8192,8192,309526528,0,0,0,0,0,0,0,0,0,0,0,0,0,0,0,0,0,0,0,0,0,0,0,0,0,1887485951,0,0,0,0,1,0.0,0,0,0.0,0,0,0,0,0,0,0.6010472774505615
194,64,32,2000,0,0,0,0,10484,8192,8192,85884928,0,0,0,0,0,0,0,0,0,0,0,0,0,0,0,0,0,0,0,0,0,0,0,0,0,1887485951,0,0,0,0,1,0.0,0,0,0.0,0,0,0,0,0,0,0.6058588027954102
195,2,16,2000,0,0,0,0,5860,8192,8192,48005120,0,0,0,0,0,0,0,0,0,0,0,0,0,0,0,0,0,0,0,0,0,0,0,0,0,1887485951,0,0,0,0,1,0.0,0,0,0.0,0,0,0,0,0,0,0.6062674522399902
196,2,32,2000,0,0,0,0,18779,8192,8192,153837568,0,0,0,0,0,0,0,0,0,0,0,0,0,0,0,0,0,0,0,0,0,0,0,0,0,1887485951,0,0,0,0,1,0.0,0,0,0.0,0,0,0,0,0,0,0.607975959777832
197,4,4,2000,0,0,0,0,53,8192,8192,434176,0,0,0,0,0,0,0,0,0,0,0,0,0,0,0,0,0,0,0,0,0,0,0,0,0,1887485951,0,0,0,0,1,0.0,0,0,0.0,0,0,0,0,0,0,0.627565860748291
198,512,128,2000,0,0,0,0,666,8192,8192,5455872,0,0,0,0,0,0,0,0,0,0,0,0,0,0,0,0,0,0,0,0,0,0,0,0,0,1887485951,0,0,0,0,1,0.0,0,0,0.0,0,0,0,0,0,0,0.6124348640441895
199,512,4,2000,0,0,0,0,165,8192,8192,1351680,0,0,0,0,0,0,0,0,0,0,0,0,0,0,0,0,0,0,0,0,0,0,0,0,0,1887485951,0,0,0,0,1,0.0,0,0,0.0,0,0,0,0,0,0,0.6164982318878174
200,2,4,2000,0,0,0,0,34755,8192,8192,284712960,0,0,0,0,0,0,0,0,0,0,0,0,0,0,0,0,0,0,0,0,0,0,0,0,0,1887485951,0,0,0,0,1,0.0,0,0,0.0,0,0,0,0,0,0,0.6236920356750488
201,1,8,2000,0,0,0,0,0,0,0,0,0,0,0,0,0,0,0,0,0,0,0,0,0,0,0,0,0,0,0,0,0,0,0,0,0,1887485951,0,0,0,0,1,0.0,0,0,0.0,0,0,0,0,0,0,0.6025176048278809
202,8,256,2000,0,0,0,0,26567,8192,8192,217636864,0,0,0,0,0,0,0,0,0,0,0,0,0,0,0,0,0,0,0,0,0,0,0,0,0,1887485951,0,0,0,0,1,0.0,0,0,0.0,0,0,0,0,0,0,0.607774019241333
203,1,8,2000,0,0,0,0,12985,8192,8192,106373120,0,0,0,0,0,0,0,0,0,0,0,0,0,0,0,0,0,0,0,0,0,0,0,0,0,1887485951,0,0,0,0,1,0.0,0,0,0.0,0,0,0,0,0,0,0.6226792335510254
204,16,256,2000,0,0,0,0,535,8192,8192,4382720,0,0,0,0,0,0,0,0,0,0,0,0,0,0,0,0,0,0,0,0,0,0,0,0,0,1887485951,0,0,0,0,1,0.0,0,0,0.0,0,0,0,0,0,0,0.6326644420623779
205,64,4,2000,0,0,0,0,0,0,0,0,0,0,0,0,0,0,0,0,0,0,0,0,0,0,0,0,0,0,0,0,0,0,0,0,0,1887485951,0,0,0,0,1,0.0,0,0,0.0,0,0,0,0,0,0,0.6222648620605469
206,1024,8,2000,0,0,0,0,0,0,0,0,0,0,0,0,0,0,0,0,0,0,0,0,0,0,0,0,0,0,0,0,0,0,0,0,0,1887485951,0,0,0,0,1,0.0,0,0,0.0,0,0,0,0,0,0,0.6220474243164062
207,128,256,2000,0,0,0,0,9884,8192,8192,80969728,0,0,0,0,0,0,0,0,0,0,0,0,0,0,0,0,0,0,0,0,0,0,0,0,0,1887485951,0,0,0,0,1,0.0,0,0,0.0,0,0,0,0,0,0,0.6099731922149658
208,256,16,2000,0,0,0,0,28649,8192,8192,234692608,0,0,0,0,0,0,0,0,0,0,0,0,0,0,0,0,0,0,0,0,0,0,0,0,0,1887485951,0,0,0,0,1,0.0,0,0,0.0,0,0,0,0,0,0,0.6021378040313721
209,2,2,2000,0,0,0,0,32329,8192,8192,264839168,0,0,0,0,0,0,0,0,0,0,0,0,0,0,0,0,0,0,0,0,0,0,0,0,0,1887485951,0,0,0,0,1,0.0,0,0,0.0,0,0,0,0,0,0,0.603853702545166
210,8,2,2000,0,0,0,0,9820,8192,8192,80445440,0,0,0,0,0,0,0,0,0,0,0,0,0,0,0,0,0,0,0,0,0,0,0,0,0,1887485951,0,0,0,0,1,0.0,0,0,0.0,0,0,0,0,0,0,0.6333646774291992
211,32,1,2000,0,0,0,0,2232,8192,8192,18284544,0,0,0,0,0,0,0,0,0,0,0,0,0,0,0,0,0,0,0,0,0,0,0,0,0,1887485951,0,0,0,0,1,0.0,0,0,0.0,0,0,0,0,0,0,0.6187789440155029
212,1024,16,2000,0,0,0,0,7477,8192,8192,61251584,0,0,0,0,0,0,0,0,0,0,0,0,0,0,0,0,0,0,0,0,0,0,0,0,0,1887485951,0,0,0,0,1,0.0,0,0,0.0,0,0,0,0,0,0,0.6231868267059326
213,1024,16,2000,0,0,0,0,2616,8192,8192,21430272,0,0,0,0,0,0,0,0,0,0,0,0,0,0,0,0,0,0,0,0,0,0,0,0,0,1887485951,0,0,0,0,1,0.0,0,0,0.0,0,0,0,0,0,0,0.6199991703033447
214,64,2,2000,0,0,0,0,7754,8192,8192,63520768,0,0,0,0,0,0,0,0,0,0,0,0,0,0,0,0,0,0,0,0,0,0,0,0,0,1887485951,0,0,0,0,1,0.0,0,0,0.0,0,0,0,0,0,0,0.6276781558990479
215,1024,256,2000,0,0,0,0,0,0,0,0,0,0,0,0,0,0,0,0,0,0,0,0,0,0,0,0,0,0,0,0,0,0,0,0,0,1887485951,0,0,0,0,1,0.0,0,0,0.0,0,0,0,0,0,0,0.6250646114349365
216,256,256,2000,0,0,0,0,24209,8192,8192,198320128,0,0,0,0,0,0,0,0,0,0,0,0,0,0,0,0,0,0,0,0,0,0,0,0,0,1887485951,0,0,0,0,1,0.0,0,0,0.0,0,0,0,0,0,0,0.615253210067749
217,64,16,2000,0,0,0,0,25259,8192,8192,206921728,0,0,0,0,0,0,0,0,0,0,0,0,0,0,0,0,0,0,0,0,0,0,0,0,0,1887485951,0,0,0,0,1,0.0,0,0,0.0,0,0,0,0,0,0,0.6006917953491211
218,512,128,2000,0,0,0,0,832,8192,8192,6815744,0,0,0,0,0,0,0,0,0,0,0,0,0,0,0,0,0,0,0,0,0,0,0,0,0,1887485951,0,0,0,0,1,0.0,0,0,0.0,0,0,0,0,0,0,0.6203122138977051
219,256,1,2000,0,0,0,0,1523,8192,8192,12476416,0,0,0,0,0,0,0,0,0,0,0,0,0,0,0,0,0,0,0,0,0,0,0,0,0,1887485951,0,0,0,0,1,0.0,0,0,0.0,0,0,0,0,0,0,0.6282670497894287
220,32,8,2000,0,0,0,0,2161,8192,8192,17702912,0,0,0,0,0,0,0,0,0,0,0,0,0,0,0,0,0,0,0,0,0,0,0,0,0,1887485951,0,0,0,0,1,0.0,0,0,0.0,0,0,0,0,0,0,0.6329207420349121
221,128,4,2000,0,0,0,0,13235,8192,8192,108421120,0,0,0,0,0,0,0,0,0,0,0,0,0,0,0,0,0,0,0,0,0,0,0,0,0,1887485951,0,0,0,0,1,0.0,0,0,0.0,0,0,0,0,0,0,0.6269471645355225
222,64,1,2000,0,0,0,0,39368,8192,8192,322502656,0,0,0,0,0,0,0,0,0,0,0,0,0,0,0,0,0,0,0,0,0,0,0,0,0,1887485951,0,0,0,0,1,0.0,0,0,0.0,0,0,0,0,0,0,0.6102278232574463
223,1024,32,2000,0,0,0,0,9214,8192,8192,75481088,0,0,0,0,0,0,0,0,0,0,0,0,0,0,0,0,0,0,0,0,0,0,0,0,0,1887485951,0,0,0,0,1,0.0,0,0,0.0,0,0,0,0,0,0,0.6146292686462402
224,8,32,2000,0,0,0,0,13693,8192,8192,112173056,0,0,0,0,0,0,0,0,0,0,0,0,0,0,0,0,0,0,0,0,0,0,0,0,0,1887485951,0,0,0,0,1,0.0,0,0,0.0,0,0,0,0,0,0,0.6187238693237305
225,16,8,2000,0,0,0,0,2604,8192,8192,21331968,0,0,0,0,0,0,0,0,0,0,0,0,0,0,0,0,0,0,0,0,0,0,0,0,0,1887485951,0,0,0,0,1,0.0,0,0,0.0,0,0,0,0,0,0,0.6217424869537354
226,128,4,2000,0,0,0,0,0,0,0,0,0,0,0,0,0,0,0,0,0,0,0,0,0,0,0,0,0,0,0,0,0,0,0,0,0,1887485951,0,0,0,0,1,0.0,0,0,0.0,0,0,0,0,0,0,0.6208977699279785
227,64,1,2000,0,0,0,0,0,0,0,0,0,0,0,0,0,0,0,0,0,0,0,0,0,0,0,0,0,0,0,0,0,0,0,0,0,1887485951,0,0,0,0,1,0.0,0,0,0.0,0,0,0,0,0,0,0.6219468116760254
228,1024,64,2000,0,0,0,0,15666,8192,8192,128335872,0,0,0,0,0,0,0,0,0,0,0,0,0,0,0,0,0,0,0,0,0,0,0,0,0,1887485951,0,0,0,0,1,0.0,0,0,0.0,0,0,0,0,0,0,0.6154861450195312
229,16,2,2000,0,0,0,0,441,8192,8192,3612672,0,0,0,0,0,0,0,0,0,0,0,0,0,0,0,0,0,0,0,0,0,0,0,0,0,1887485951,0,0,0,0,1,0.0,0,0,0.0,0,0,0,0,0,0,0.6126585006713867
230,1024,1,2000,0,0,0,0,19499,8192,8192,159735808,0,0,0,0,0,0,0,0,0,0,0,0,0,0,0,0,0,0,0,0,0,0,0,0,0,1887485951,0,0,0,0,1,0.0,0,0,0.0,0,0,0,0,0,0,0.6053943634033203
231,16,64,2000,0,0,0,0,22701,8192,8192,185966592,0,0,0,0,0,0,0,0,0,0,0,0,0,0,0,0,0,0,0,0,0,0,0,0,0,1887485951,0,0,0,0,1,0.0,0,0,0.0,0,0,0,0,0,0,0.6025173664093018
232,8,256,2000,0,0,0,0,8530,8192,8192,69877760,0,0,0,0,0,0,0,0,0,0,0,0,0,0,0,0,0,0,0,0,0,0,0,0,0,1887485951,0,0,0,0,1,0.0,0,0,0.0,0,0,0,0,0,0,0.6289405822753906
233,1,32,2000,0,0,0,0,195,8192,8192,1597440,0,0,0,0,0,0,0,0,0,0,0,0,0,0,0,0,0,0,0,0,0,0,0,0,0,1887485951,0,0,0,0,1,0.0,0,0,0.0,0,0,0,0,0,0,0.6382791996002197
234,32,16,2000,0,0,0,0,13,8192,8192,106496,0,0,0,0,0,0,0,0,0,0,0,0,0,0,0,0,0,0,0,0,0,0,0,0,0,1887485951,0,0,0,0,1,0.0,0,0,0.0,0,0,0,0,0,0,0.6146657466888428
235,64,8,2000,0,0,0,0,460,8192,8192,3768320,0,0,0,0,0,0,0,0,0,0,0,0,0,0,0,0,0,0,0,0,0,0,0,0,0,1887485951,0,0,0,0,1,0.0,0,0,0.0,0,0,0,0,0,0,0.6163356304168701
236,16,16,2000,0,0,0,0,41422,8192,8192,339329024,0,0,0,0,0,0,0,0,0,0,0,0,0,0,0,0,0,0,0,0,0,0,0,0,0,1887485951,0,0,0,0,1,0.0,0,0,0.0,0,0,0,0,0,0,0.6033563613891602
237,256,8,2000,0,0,0,0,16659,8192,8192,136470528,0,0,0,0,0,0,0,0,0,0,0,0,0,0,0,0,0,0,0,0,0,0,0,0,0,1887485951,0,0,0,0,1,0.0,0,0,0.0,0,0,0,0,0,0,0.6009278297424316
238,32,256,2000,0,0,0,0,9583,8192,8192,78503936,0,0,0,0,0,0,0,0,0,0,0,0,0,0,0,0,0,0,0,0,0,0,0,0,0,1887485951,0,0,0,0,1,0.0,0,0,0.0,0,0,0,0,0,0,0.6146011352539062
239,1024,16,2000,0,0,0,0,12108,8192,8192,99188736,0,0,0,0,0,0,0,0,0,0,0,0,0,0,0,0,0,0,0,0,0,0,0,0,0,1887485951,0,0,0,0,1,0.0,0,0,0.0,0,0,0,0,0,0,0.6172106266021729
240,1024,32,2000,0,0,0,0,7403,8192,8192,60645376,0,0,0,0,0,0,0,0,0,0,0,0,0,0,0,0,0,0,0,0,0,0,0,0,0,1887485951,0,0,0,0,1,0.0,0,0,0.0,0,0,0,0,0,0,0.6117489337921143
241,256,128,2000,0,0,0,0,823,8192,8192,6742016,0,0,0,0,0,0,0,0,0,0,0,0,0,0,0,0,0,0,0,0,0,0,0,0,0,1887485951,0,0,0,0,1,0.0,0,0,0.0,0,0,0,0,0,0,0.6298322677612305
242,16,256,2000,0,0,0,0,67,8192,8192,548864,0,0,0,0,0,0,0,0,0,0,0,0,0,0,0,0,0,0,0,0,0,0,0,0,0,1887485951,0,0,0,0,1,0.0,0,0,0.0,0,0,0,0,0,0,0.627223014831543
243,512,8,2000,0,0,0,0,32720,8192,8192,268042240,0,0,0,0,0,0,0,0,0,0,0,0,0,0,0,0,0,0,0,0,0,0,0,0,0,1887485951,0,0,0,0,1,0.0,0,0,0.0,0,0,0,0,0,0,0.6237552165985107
244,1,16,2000,0,0,0,0,21991,8192,8192,180150272,0,0,0,0,0,0,0,0,0,0,0,0,0,0,0,0,0,0,0,0,0,0,0,0,0,1887485951,0,0,0,0,1,0.0,0,0,0.0,0,0,0,0,0,0,0.6019542217254639
245,1,64,2000,0,0,0,0,11028,8192,8192,90341376,0,0,0,0,0,0,0,0,0,0,0,0,0,0,0,0,0,0,0,0,0,0,0,0,0,1887485951,0,0,0,0,1,0.0,0,0,0.0,0,0,0,0,0,0,0.6196258068084717
246,1024,128,2000,0,0,0,0,11061,8192,8192,90611712,0,0,0,0,0,0,0,0,0,0,0,0,0,0,0,0,0,0,0,0,0,0,0,0,0,1887485951,0,0,0,0,1,0.0,0,0,0.0,0,0,0,0,0,0,0.6469769477844238
247,32,1,2000,0,0,0,0,123,8192,8192,1007616,0,0,0,0,0,0,0,0,0,0,0,0,0,0,0,0,0,0,0,0,0,0,0,0,0,1887485951,0,0,0,0,1,0.0,0,0,0.0,0,0,0,0,0,0,0.6275990009307861
248,8,2,2000,0,0,0,0,21,8192,8192,172032,0,0,0,0,0,0,0,0,0,0,0,0,0,0,0,0,0,0,0,0,0,0,0,0,0,1887485951,0,0,0,0,1,0.0,0,0,0.0,0,0,0,0,0,0,0.6138935089111328
249,16,8,2000,0,0,0,0,315,8192,8192,2580480,0,0,0,0,0,0,0,0,0,0,0,0,0,0,0,0,0,0,0,0,0,0,0,0,0,1887485951,0,0,0,0,1,0.0,0,0,0.0,0,0,0,0,0,0,0.6172664165496826
250,512,4,2000,0,0,0,0,22199,8192,8192,181854208,0,0,0,0,0,0,0,0,0,0,0,0,0,0,0,0,0,0,0,0,0,0,0,0,0,1887485951,0,0,0,0,1,0.0,0,0,0.0,0,0,0,0,0,0,0.619530439376831
251,512,64,2000,0,0,0,0,8733,8192,8192,71540736,0,0,0,0,0,0,0,0,0,0,0,0,0,0,0,0,0,0,0,0,0,0,0,0,0,1887485951,0,0,0,0,1,0.0,0,0,0.0,0,0,0,0,0,0,0.6280286312103271
252,4,2,2000,0,0,0,0,37181,8192,8192,304586752,0,0,0,0,0,0,0,0,0,0,0,0,0,0,0,0,0,0,0,0,0,0,0,0,0,1887485951,0,0,0,0,1,0.0,0,0,0.0,0,0,0,0,0,0,0.6034696102142334
253,1,16,2000,0,0,0,0,13283,8192,8192,108814336,0,0,0,0,0,0,0,0,0,0,0,0,0,0,0,0,0,0,0,0,0,0,0,0,0,1887485951,0,0,0,0,1,0.0,0,0,0.0,0,0,0,0,0,0,0.6005237102508545
254,1024,1,2000,0,0,0,0,0,0,0,0,0,0,0,0,0,0,0,0,0,0,0,0,0,0,0,0,0,0,0,0,0,0,0,0,0,1887485951,0,0,0,0,1,0.0,0,0,0.0,0,0,0,0,0,0,0.6310117244720459
255,8,128,2000,0,0,0,0,15,8192,8192,122880,0,0,0,0,0,0,0,0,0,0,0,0,0,0,0,0,0,0,0,0,0,0,0,0,0,1887485951,0,0,0,0,1,0.0,0,0,0.0,0,0,0,0,0,0,0.6286263465881348
256,256,64,2000,0,0,0,0,189,8192,8192,1548288,0,0,0,0,0,0,0,0,0,0,0,0,0,0,0,0,0,0,0,0,0,0,0,0,0,1887485951,0,0,0,0,1,0.0,0,0,0.0,0,0,0,0,0,0,0.6216764450073242
257,1,128,2000,0,0,0,0,31504,8192,8192,258080768,0,0,0,0,0,0,0,0,0,0,0,0,0,0,0,0,0,0,0,0,0,0,0,0,0,1887485951,0,0,0,0,1,0.0,0,0,0.0,0,0,0,0,0,0,0.6175434589385986
258,32,64,2000,0,0,0,0,28439,8192,8192,232972288,0,0,0,0,0,0,0,0,0,0,0,0,0,0,0,0,0,0,0,0,0,0,0,0,0,1887485951,0,0,0,0,1,0.0,0,0,0.0,0,0,0,0,0,0,0.610706090927124
259,2,128,2000,0,0,0,0,4509,8192,8192,36937728,0,0,0,0,0,0,0,0,0,0,0,0,0,0,0,0,0,0,0,0,0,0,0,0,0,1887485951,0,0,0,0,1,0.0,0,0,0.0,0,0,0,0,0,0,0.6330552101135254
260,4,32,2000,0,0,0,0,8915,8192,8192,73031680,0,0,0,0,0,0,0,0,0,0,0,0,0,0,0,0,0,0,0,0,0,0,0,0,0,1887485951,0,0,0,0,1,0.0,0,0,0.0,0,0,0,0,0,0,0.6438555717468262
261,64,1,2000,0,0,0,0,0,0,0,0,0,0,0,0,0,0,0,0,0,0,0,0,0,0,0,0,0,0,0,0,0,0,0,0,0,1887485951,0,0,0,0,1,0.0,0,0,0.0,0,0,0,0,0,0,0.6315164566040039
262,8,64,2000,0,0,0,0,0,0,0,0,0,0,0,0,0,0,0,0,0,0,0,0,0,0,0,0,0,0,0,0,0,0,0,0,0,1887485951,0,0,0,0,1,0.0,0,0,0.0,0,0,0,0,0,0,0.6204643249511719
263,8,64,2000,0,0,0,0,44,8192,8192,360448,0,0,0,0,0,0,0,0,0,0,0,0,0,0,0,0,0,0,0,0,0,0,0,0,0,1887485951,0,0,0,0,1,0.0,0,0,0.0,0,0,0,0,0,0,0.6255056858062744
264,1,256,2000,0,0,0,0,31927,8192,8192,261545984,0,0,0,0,0,0,0,0,0,0,0,0,0,0,0,0,0,0,0,0,0,0,0,0,0,1887485951,0,0,0,0,1,0.0,0,0,0.0,0,0,0,0,0,0,0.6173791885375977
265,256,128,2000,0,0,0,0,26627,8192,8192,218128384,0,0,0,0,0,0,0,0,0,0,0,0,0,0,0,0,0,0,0,0,0,0,0,0,0,1887485951,0,0,0,0,1,0.0,0,0,0.0,0,0,0,0,0,0,0.6231176853179932
266,4,32,2000,0,0,0,0,16715,8192,8192,136929280,0,0,0,0,0,0,0,0,0,0,0,0,0,0,0,0,0,0,0,0,0,0,0,0,0,1887485951,0,0,0,0,1,0.0,0,0,0.0,0,0,0,0,0,0,0.6363375186920166
267,1024,16,2000,0,0,0,0,10347,8192,8192,84762624,0,0,0,0,0,0,0,0,0,0,0,0,0,0,0,0,0,0,0,0,0,0,0,0,0,1887485951,0,0,0,0,1,0.0,0,0,0.0,0,0,0,0,0,0,0.6459507942199707
268,16,128,2000,0,0,0,0,14557,8192,8192,119250944,0,0,0,0,0,0,0,0,0,0,0,0,0,0,0,0,0,0,0,0,0,0,0,0,0,1887485951,0,0,0,0,1,0.0,0,0,0.0,0,0,0,0,0,0,0.6341462135314941
269,1024,4,2000,0,0,0,0,8188,8192,8192,67076096,0,0,0,0,0,0,0,0,0,0,0,0,0,0,0,0,0,0,0,0,0,0,0,0,0,1887485951,0,0,0,0,1,0.0,0,0,0.0,0,0,0,0,0,0,0.6353683471679688
270,1,32,2000,0,0,0,0,8036,8192,8192,65830912,0,0,0,0,0,0,0,0,0,0,0,0,0,0,0,0,0,0,0,0,0,0,0,0,0,1887485951,0,0,0,0,1,0.0,0,0,0.0,0,0,0,0,0,0,0.6082637310028076
271,64,4,2000,0,0,0,0,0,0,0,0,0,0,0,0,0,0,0,0,0,0,0,0,0,0,0,0,0,0,0,0,0,0,0,0,0,1887485951,0,0,0,0,1,0.0,0,0,0.0,0,0,0,0,0,0,0.6356608867645264
272,512,16,2000,0,0,0,0,8198,8192,8192,67158016,0,0,0,0,0,0,0,0,0,0,0,0,0,0,0,0,0,0,0,0,0,0,0,0,0,1887485951,0,0,0,0,1,0.0,0,0,0.0,0,0,0,0,0,0,0.6019999980926514
273,2,256,2000,0,0,0,0,12807,8192,8192,104914944,0,0,0,0,0,0,0,0,0,0,0,0,0,0,0,0,0,0,0,0,0,0,0,0,0,1887485951,0,0,0,0,1,0.0,0,0,0.0,0,0,0,0,0,0,0.6178750991821289
274,8,8,2000,0,0,0,0,12580,8192,8192,103055360,0,0,0,0,0,0,0,0,0,0,0,0,0,0,0,0,0,0,0,0,0,0,0,0,0,1887485951,0,0,0,0,1,0.0,0,0,0.0,0,0,0,0,0,0,0.6190893650054932
275,8,256,2000,0,0,0,0,12008,8192,8192,98369536,0,0,0,0,0,0,0,0,0,0,0,0,0,0,0,0,0,0,0,0,0,0,0,0,0,1887485951,0,0,0,0,1,0.0,0,0,0.0,0,0,0,0,0,0,0.6186058521270752
276,2,256,2000,0,0,0,0,12162,8192,8192,99631104,0,0,0,0,0,0,0,0,0,0,0,0,0,0,0,0,0,0,0,0,0,0,0,0,0,1887485951,0,0,0,0,1,0.0,0,0,0.0,0,0,0,0,0,0,0.6316375732421875
277,256,128,2000,0,0,0,0,9139,8192,8192,74866688,0,0,0,0,0,0,0,0,0,0,0,0,0,0,0,0,0,0,0,0,0,0,0,0,0,1887485951,0,0,0,0,1,0.0,0,0,0.0,0,0,0,0,0,0,0.6165933609008789
278,256,128,2000,0,0,0,0,15084,8192,8192,123568128,0,0,0,0,0,0,0,0,0,0,0,0,0,0,0,0,0,0,0,0,0,0,0,0,0,1887485951,0,0,0,0,1,0.0,0,0,0.0,0,0,0,0,0,0,0.6324739456176758
279,1024,4,2000,0,0,0,0,11149,8192,8192,91332608,0,0,0,0,0,0,0,0,0,0,0,0,0,0,0,0,0,0,0,0,0,0,0,0,0,1887485951,0,0,0,0,1,0.0,0,0,0.0,0,0,0,0,0,0,0.6025092601776123
280,32,128,2000,0,0,0,0,5850,8192,8192,47923200,0,0,0,0,0,0,0,0,0,0,0,0,0,0,0,0,0,0,0,0,0,0,0,0,0,1887485951,0,0,0,0,1,0.0,0,0,0.0,0,0,0,0,0,0,0.6279201507568359
281,512,256,2000,0,0,0,0,10839,8192,8192,88793088,0,0,0,0,0,0,0,0,0,0,0,0,0,0,0,0,0,0,0,0,0,0,0,0,0,1887485951,0,0,0,0,1,0.0,0,0,0.0,0,0,0,0,0,0,0.6170756816864014
282,8,256,2000,0,0,0,0,6852,8192,8192,56131584,0,0,0,0,0,0,0,0,0,0,0,0,0,0,0,0,0,0,0,0,0,0,0,0,0,1887485951,0,0,0,0,1,0.0,0,0,0.0,0,0,0,0,0,0,0.6265630722045898
283,4,256,2000,0,0,0,0,10327,8192,8192,84598784,0,0,0,0,0,0,0,0,0,0,0,0,0,0,0,0,0,0,0,0,0,0,0,0,0,1887485951,0,0,0,0,1,0.0,0,0,0.0,0,0,0,0,0,0,0.6223640441894531
284,1,32,2000,0,0,0,0,10269,8192,8192,84123648,0,0,0,0,0,0,0,0,0,0,0,0,0,0,0,0,0,0,0,0,0,0,0,0,0,1887485951,0,0,0,0,1,0.0,0,0,0.0,0,0,0,0,0,0,0.6205689907073975
285,256,1,2000,0,0,0,0,0,0,0,0,0,0,0,0,0,0,0,0,0,0,0,0,0,0,0,0,0,0,0,0,0,0,0,0,0,1887485951,0,0,0,0,1,0.0,0,0,0.0,0,0,0,0,0,0,0.6053800582885742
286,8,64,2000,0,0,0,0,8236,8192,8192,67469312,0,0,0,0,0,0,0,0,0,0,0,0,0,0,0,0,0,0,0,0,0,0,0,0,0,1887485951,0,0,0,0,1,0.0,0,0,0.0,0,0,0,0,0,0,0.6024348735809326
287,64,1,2000,0,0,0,0,11552,8192,8192,94633984,0,0,0,0,0,0,0,0,0,0,0,0,0,0,0,0,0,0,0,0,0,0,0,0,0,1887485951,0,0,0,0,1,0.0,0,0,0.0,0,0,0,0,0,0,0.613628625869751
288,256,256,2000,0,0,0,0,10656,8192,8192,87293952,0,0,0,0,0,0,0,0,0,0,0,0,0,0,0,0,0,0,0,0,0,0,0,0,0,1887485951,0,0,0,0,1,0.0,0,0,0.0,0,0,0,0,0,0,0.6201014518737793
289,32,16,2000,0,0,0,0,11214,8192,8192,91865088,0,0,0,0,0,0,0,0,0,0,0,0,0,0,0,0,0,0,0,0,0,0,0,0,0,1887485951,0,0,0,0,1,0.0,0,0,0.0,0,0,0,0,0,0,0.6140248775482178
290,128,4,2000,0,0,0,0,10864,8192,8192,88997888,0,0,0,0,0,0,0,0,0,0,0,0,0,0,0,0,0,0,0,0,0,0,0,0,0,1887485951,0,0,0,0,1,0.0,0,0,0.0,0,0,0,0,0,0,0.6236128807067871
291,4,16,2000,0,0,0,0,9602,8192,8192,78659584,0,0,0,0,0,0,0,0,0,0,0,0,0,0,0,0,0,0,0,0,0,0,0,0,0,1887485951,0,0,0,0,1,0.0,0,0,0.0,0,0,0,0,0,0,0.6263182163238525
292,512,32,2000,0,0,0,0,9598,8192,8192,78626816,0,0,0,0,0,0,0,0,0,0,0,0,0,0,0,0,0,0,0,0,0,0,0,0,0,1887485951,0,0,0,0,1,0.0,0,0,0.0,0,0,0,0,0,0,0.6335997581481934
293,16,32,2000,0,0,0,0,14363,8192,8192,117661696,0,0,0,0,0,0,0,0,0,0,0,0,0,0,0,0,0,0,0,0,0,0,0,0,0,1887485951,0,0,0,0,1,0.0,0,0,0.0,0,0,0,0,0,0,0.6339197158813477
294,512,256,2000,0,0,0,0,9186,8192,8192,75251712,0,0,0,0,0,0,0,0,0,0,0,0,0,0,0,0,0,0,0,0,0,0,0,0,0,1887485951,0,0,0,0,1,0.0,0,0,0.0,0,0,0,0,0,0,0.6212687492370605
295,1,2,2000,0,0,0,0,9453,8192,8192,77438976,0,0,0,0,0,0,0,0,0,0,0,0,0,0,0,0,0,0,0,0,0,0,0,0,0,1887485951,0,0,0,0,1,0.0,0,0,0.0,0,0,0,0,0,0,0.6144914627075195
296,8,128,2000,0,0,0,0,14644,8192,8192,119963648,0,0,0,0,0,0,0,0,0,0,0,0,0,0,0,0,0,0,0,0,0,0,0,0,0,1887485951,0,0,0,0,1,0.0,0,0,0.0,0,0,0,0,0,0,0.6078205108642578
297,32,8,2000,0,0,0,0,13159,8192,8192,107798528,0,0,0,0,0,0,0,0,0,0,0,0,0,0,0,0,0,0,0,0,0,0,0,0,0,1887485951,0,0,0,0,1,0.0,0,0,0.0,0,0,0,0,0,0,0.6072537899017334
298,4,32,2000,0,0,0,0,8787,8192,8192,71983104,0,0,0,0,0,0,0,0,0,0,0,0,0,0,0,0,0,0,0,0,0,0,0,0,0,1887485951,0,0,0,0,1,0.0,0,0,0.0,0,0,0,0,0,0,0.6321823596954346
299,512,32,2000,0,0,0,0,0,0,0,0,0,0,0,0,0,0,0,0,0,0,0,0,0,0,0,0,0,0,0,0,0,0,0,0,0,1887485951,0,0,0,0,1,0.0,0,0,0.0,0,0,0,0,0,0,0.6073029041290283
300,16,2,2000,0,0,0,0,5720,8192,8192,46858240,0,0,0,0,0,0,0,0,0,0,0,0,0,0,0,0,0,0,0,0,0,0,0,0,0,1887485951,0,0,0,0,1,0.0,0,0,0.0,0,0,0,0,0,0,0.6266920566558838
301,4,4,2000,0,0,0,0,4425,8192,8192,36249600,0,0,0,0,0,0,0,0,0,0,0,0,0,0,0,0,0,0,0,0,0,0,0,0,0,1887485951,0,0,0,0,1,0.0,0,0,0.0,0,0,0,0,0,0,0.6333673000335693
302,128,2,2000,0,0,0,0,14630,8192,8192,119848960,0,0,0,0,0,0,0,0,0,0,0,0,0,0,0,0,0,0,0,0,0,0,0,0,0,1887485951,0,0,0,0,1,0.0,0,0,0.0,0,0,0,0,0,0,0.6125481128692627
303,512,256,2000,0,0,0,0,10274,8192,8192,84164608,0,0,0,0,0,0,0,0,0,0,0,0,0,0,0,0,0,0,0,0,0,0,0,0,0,1887485951,0,0,0,0,1,0.0,0,0,0.0,0,0,0,0,0,0,0.6127161979675293
304,4,1,2000,0,0,0,0,15810,8192,8192,129515520,0,0,0,0,0,0,0,0,0,0,0,0,0,0,0,0,0,0,0,0,0,0,0,0,0,1887485951,0,0,0,0,1,0.0,0,0,0.0,0,0,0,0,0,0,0.6380271911621094
305,128,128,2000,0,0,0,0,684,8192,8192,5603328,0,0,0,0,0,0,0,0,0,0,0,0,0,0,0,0,0,0,0,0,0,0,0,0,0,1887485951,0,0,0,0,1,0.0,0,0,0.0,0,0,0,0,0,0,0.6106314659118652
306,32,16,2000,0,0,0,0,0,0,0,0,0,0,0,0,0,0,0,0,0,0,0,0,0,0,0,0,0,0,0,0,0,0,0,0,0,1887485951,0,0,0,0,1,0.0,0,0,0.0,0,0,0,0,0,0,0.6322345733642578
307,16,32,2000,0,0,0,0,31,8192,8192,253952,0,0,0,0,0,0,0,0,0,0,0,0,0,0,0,0,0,0,0,0,0,0,0,0,0,1887485951,0,0,0,0,1,0.0,0,0,0.0,0,0,0,0,0,0,0.6086673736572266
308,8,16,2000,0,0,0,0,9137,8192,8192,74850304,0,0,0,0,0,0,0,0,0,0,0,0,0,0,0,0,0,0,0,0,0,0,0,0,0,1887485951,0,0,0,0,1,0.0,0,0,0.0,0,0,0,0,0,0,0.6266658306121826
309,1,256,2000,0,0,0,0,38495,8192,8192,315351040,0,0,0,0,0,0,0,0,0,0,0,0,0,0,0,0,0,0,0,0,0,0,0,0,0,1887485951,0,0,0,0,1,0.0,0,0,0.0,0,0,0,0,0,0,0.6192080974578857
310,64,16,2000,0,0,0,0,16170,8192,8192,132464640,0,0,0,0,0,0,0,0,0,0,0,0,0,0,0,0,0,0,0,0,0,0,0,0,0,1887485951,0,0,0,0,1,0.0,0,0,0.0,0,0,0,0,0,0,0.6033298969268799
311,2,4,2000,0,0,0,0,13613,8192,8192,111517696,0,0,0,0,0,0,0,0,0,0,0,0,0,0,0,0,0,0,0,0,0,0,0,0,0,1887485951,0,0,0,0,1,0.0,0,0,0.0,0,0,0,0,0,0,0.6215627193450928
312,512,256,2000,0,0,0,0,6453,8192,8192,52862976,0,0,0,0,0,0,0,0,0,0,0,0,0,0,0,0,0,0,0,0,0,0,0,0,0,1887485951,0,0,0,0,1,0.0,0,0,0.0,0,0,0,0,0,0,0.6033811569213867
313,64,1,2000,0,0,0,0,17032,8192,8192,139526144,0,0,0,0,0,0,0,0,0,0,0,0,0,0,0,0,0,0,0,0,0,0,0,0,0,1887485951,0,0,0,0,1,0.0,0,0,0.0,0,0,0,0,0,0,0.6168577671051025
314,64,32,2000,0,0,0,0,11370,8192,8192,93143040,0,0,0,0,0,0,0,0,0,0,0,0,0,0,0,0,0,0,0,0,0,0,0,0,0,1887485951,0,0,0,0,1,0.0,0,0,0.0,0,0,0,0,0,0,0.6229028701782227
315,512,8,2000,0,0,0,0,10788,8192,8192,88375296,0,0,0,0,0,0,0,0,0,0,0,0,0,0,0,0,0,0,0,0,0,0,0,0,0,1887485951,0,0,0,0,1,0.0,0,0,0.0,0,0,0,0,0,0,0.6165409088134766
316,1024,64,2000,0,0,0,0,10178,8192,8192,83378176,0,0,0,0,0,0,0,0,0,0,0,0,0,0,0,0,0,0,0,0,0,0,0,0,0,1887485951,0,0,0,0,1,0.0,0,0,0.0,0,0,0,0,0,0,0.6258764266967773
317,8,16,2000,0,0,0,0,8529,8192,8192,69869568,0,0,0,0,0,0,0,0,0,0,0,0,0,0,0,0,0,0,0,0,0,0,0,0,0,1887485951,0,0,0,0,1,0.0,0,0,0.0,0,0,0,0,0,0,0.6333539485931396
318,512,64,2000,0,0,0,0,8544,8192,8192,69992448,0,0,0,0,0,0,0,0,0,0,0,0,0,0,0,0,0,0,0,0,0,0,0,0,0,1887485951,0,0,0,0,1,0.0,0,0,0.0,0,0,0,0,0,0,0.6301307678222656
319,128,8,2000,0,0,0,0,15331,8192,8192,125591552,0,0,0,0,0,0,0,0,0,0,0,0,0,0,0,0,0,0,0,0,0,0,0,0,0,1887485951,0,0,0,0,1,0.0,0,0,0.0,0,0,0,0,0,0,0.6193923950195312
320,2,2,2000,0,0,0,0,7312,8192,8192,59899904,0,0,0,0,0,0,0,0,0,0,0,0,0,0,0,0,0,0,0,0,0,0,0,0,0,1887485951,0,0,0,0,1,0.0,0,0,0.0,0,0,0,0,0,0,0.6278200149536133
321,512,8,2000,0,0,0,0,9124,8192,8192,74743808,0,0,0,0,0,0,0,0,0,0,0,0,0,0,0,0,0,0,0,0,0,0,0,0,0,1887485951,0,0,0,0,1,0.0,0,0,0.0,0,0,0,0,0,0,0.6263835430145264
322,32,128,2000,0,0,0,0,9329,8192,8192,76423168,0,0,0,0,0,0,0,0,0,0,0,0,0,0,0,0,0,0,0,0,0,0,0,0,0,1887485951,0,0,0,0,1,0.0,0,0,0.0,0,0,0,0,0,0,0.621678352355957
323,256,256,2000,0,0,0,0,12059,8192,8192,98787328,0,0,0,0,0,0,0,0,0,0,0,0,0,0,0,0,0,0,0,0,0,0,0,0,0,1887485951,0,0,0,0,1,0.0,0,0,0.0,0,0,0,0,0,0,0.631122350692749
324,64,1,2000,0,0,0,0,15931,8192,8192,130506752,0,0,0,0,0,0,0,0,0,0,0,0,0,0,0,0,0,0,0,0,0,0,0,0,0,1887485951,0,0,0,0,1,0.0,0,0,0.0,0,0,0,0,0,0,0.6214468479156494
325,2,128,2000,0,0,0,0,9432,8192,8192,77266944,0,0,0,0,0,0,0,0,0,0,0,0,0,0,0,0,0,0,0,0,0,0,0,0,0,1887485951,0,0,0,0,1,0.0,0,0,0.0,0,0,0,0,0,0,0.6297004222869873
326,64,1,2000,0,0,0,0,5495,8192,8192,45015040,0,0,0,0,0,0,0,0,0,0,0,0,0,0,0,0,0,0,0,0,0,0,0,0,0,1887485951,0,0,0,0,1,0.0,0,0,0.0,0,0,0,0,0,0,0.6105377674102783
327,256,32,2000,0,0,0,0,0,0,0,0,0,0,0,0,0,0,0,0,0,0,0,0,0,0,0,0,0,0,0,0,0,0,0,0,0,1887485951,0,0,0,0,1,0.0,0,0,0.0,0,0,0,0,0,0,0.606579065322876
328,4,256,2000,0,0,0,0,7729,8192,8192,63315968,0,0,0,0,0,0,0,0,0,0,0,0,0,0,0,0,0,0,0,0,0,0,0,0,0,1887485951,0,0,0,0,1,0.0,0,0,0.0,0,0,0,0,0,0,0.6047472953796387
329,256,64,2000,0,0,0,0,16007,8192,8192,131129344,0,0,0,0,0,0,0,0,0,0,0,0,0,0,0,0,0,0,0,0,0,0,0,0,0,1887485951,0,0,0,0,1,0.0,0,0,0.0,0,0,0,0,0,0,0.6223247051239014
330,128,4,2000,0,0,0,0,8638,8192,8192,70762496,0,0,0,0,0,0,0,0,0,0,0,0,0,0,0,0,0,0,0,0,0,0,0,0,0,1887485951,0,0,0,0,1,0.0,0,0,0.0,0,0,0,0,0,0,0.6264584064483643
331,512,2,2000,0,0,0,0,9845,8192,8192,80650240,0,0,0,0,0,0,0,0,0,0,0,0,0,0,0,0,0,0,0,0,0,0,0,0,0,1887485951,0,0,0,0,1,0.0,0,0,0.0,0,0,0,0,0,0,0.6116554737091064
332,64,128,2000,0,0,0,0,15633,8192,8192,128065536,0,0,0,0,0,0,0,0,0,0,0,0,0,0,0,0,0,0,0,0,0,0,0,0,0,1887485951,0,0,0,0,1,0.0,0,0,0.0,0,0,0,0,0,0,0.604243278503418
333,512,8,2000,0,0,0,0,19186,8192,8192,157171712,0,0,0,0,0,0,0,0,0,0,0,0,0,0,0,0,0,0,0,0,0,0,0,0,0,1887485951,0,0,0,0,1,0.0,0,0,0.0,0,0,0,0,0,0,0.6152470111846924
334,2,16,2000,0,0,0,0,9835,8192,8192,80568320,0,0,0,0,0,0,0,0,0,0,0,0,0,0,0,0,0,0,0,0,0,0,0,0,0,1887485951,0,0,0,0,1,0.0,0,0,0.0,0,0,0,0,0,0,0.6032369136810303
335,32,8,2000,0,0,0,0,5965,8192,8192,48865280,0,0,0,0,0,0,0,0,0,0,0,0,0,0,0,0,0,0,0,0,0,0,0,0,0,1887485951,0,0,0,0,1,0.0,0,0,0.0,0,0,0,0,0,0,0.6420481204986572
336,4,256,2000,0,0,0,0,6578,8192,8192,53886976,0,0,0,0,0,0,0,0,0,0,0,0,0,0,0,0,0,0,0,0,0,0,0,0,0,1887485951,0,0,0,0,1,0.0,0,0,0.0,0,0,0,0,0,0,0.6366357803344727
337,8,1,2000,0,0,0,0,4728,8192,8192,38731776,0,0,0,0,0,0,0,0,0,0,0,0,0,0,0,0,0,0,0,0,0,0,0,0,0,1887485951,0,0,0,0,1,0.0,0,0,0.0,0,0,0,0,0,0,0.6018483638763428
338,32,32,2000,0,0,0,0,14343,8192,8192,117497856,0,0,0,0,0,0,0,0,0,0,0,0,0,0,0,0,0,0,0,0,0,0,0,0,0,1887485951,0,0,0,0,1,0.0,0,0,0.0,0,0,0,0,0,0,0.6350677013397217
339,16,32,2000,0,0,0,0,11957,8192,8192,97951744,0,0,0,0,0,0,0,0,0,0,0,0,0,0,0,0,0,0,0,0,0,0,0,0,0,1887485951,0,0,0,0,1,0.0,0,0,0.0,0,0,0,0,0,0,0.6227619647979736
340,256,1,2000,0,0,0,0,6958,8192,8192,56999936,0,0,0,0,0,0,0,0,0,0,0,0,0,0,0,0,0,0,0,0,0,0,0,0,0,1887485951,0,0,0,0,1,0.0,0,0,0.0,0,0,0,0,0,0,0.628486156463623
341,128,2,2000,0,0,0,0,11041,8192,8192,90447872,0,0,0,0,0,0,0,0,0,0,0,0,0,0,0,0,0,0,0,0,0,0,0,0,0,1887485951,0,0,0,0,1,0.0,0,0,0.0,0,0,0,0,0,0,0.6198432445526123
342,2,2,2000,0,0,0,0,11572,8192,8192,94797824,0,0,0,0,0,0,0,0,0,0,0,0,0,0,0,0,0,0,0,0,0,0,0,0,0,1887485951,0,0,0,0,1,0.0,0,0,0.0,0,0,0,0,0,0,0.6072118282318115
343,256,8,2000,0,0,0,0,8310,8192,8192,68075520,0,0,0,0,0,0,0,0,0,0,0,0,0,0,0,0,0,0,0,0,0,0,0,0,0,1887485951,0,0,0,0,1,0.0,0,0,0.0,0,0,0,0,0,0,0.6192874908447266
344,32,1,2000,0,0,0,0,7921,8192,8192,64888832,0,0,0,0,0,0,0,0,0,0,0,0,0,0,0,0,0,0,0,0,0,0,0,0,0,1887485951,0,0,0,0,1,0.0,0,0,0.0,0,0,0,0,0,0,0.6016843318939209
345,4,8,2000,0,0,0,0,13737,8192,8192,112533504,0,0,0,0,0,0,0,0,0,0,0,0,0,0,0,0,0,0,0,0,0,0,0,0,0,1887485951,0,0,0,0,1,0.0,0,0,0.0,0,0,0,0,0,0,0.6033029556274414
346,64,64,2000,0,0,0,0,11481,8192,8192,94052352,0,0,0,0,0,0,0,0,0,0,0,0,0,0,0,0,0,0,0,0,0,0,0,0,0,1887485951,0,0,0,0,1,0.0,0,0,0.0,0,0,0,0,0,0,0.622565746307373
347,16,8,2000,0,0,0,0,13489,8192,8192,110501888,0,0,0,0,0,0,0,0,0,0,0,0,0,0,0,0,0,0,0,0,0,0,0,0,0,1887485951,0,0,0,0,1,0.0,0,0,0.0,0,0,0,0,0,0,0.6294751167297363
348,64,64,2000,0,0,0,0,426,8192,8192,3489792,0,0,0,0,0,0,0,0,0,0,0,0,0,0,0,0,0,0,0,0,0,0,0,0,0,1887485951,0,0,0,0,1,0.0,0,0,0.0,0,0,0,0,0,0,0.6014513969421387
349,256,4,2000,0,0,0,0,0,0,0,0,0,0,0,0,0,0,0,0,0,0,0,0,0,0,0,0,0,0,0,0,0,0,0,0,0,1887485951,0,0,0,0,1,0.0,0,0,0.0,0,0,0,0,0,0,0.6243772506713867
350,1,2,2000,0,0,0,0,885,8192,8192,7249920,0,0,0,0,0,0,0,0,0,0,0,0,0,0,0,0,0,0,0,0,0,0,0,0,0,1887485951,0,0,0,0,1,0.0,0,0,0.0,0,0,0,0,0,0,0.6181180477142334
351,32,32,2000,0,0,0,0,38187,8192,8192,312827904,0,0,0,0,0,0,0,0,0,0,0,0,0,0,0,0,0,0,0,0,0,0,0,0,0,1887485951,0,0,0,0,1,0.0,0,0,0.0,0,0,0,0,0,0,0.6317908763885498
352,256,2,2000,0,0,0,0,25411,8192,8192,208166912,0,0,0,0,0,0,0,0,0,0,0,0,0,0,0,0,0,0,0,0,0,0,0,0,0,1887485951,0,0,0,0,1,0.0,0,0,0.0,0,0,0,0,0,0,0.6150047779083252
353,8,1,2000,0,0,0,0,11134,8192,8192,91209728,0,0,0,0,0,0,0,0,0,0,0,0,0,0,0,0,0,0,0,0,0,0,0,0,0,1887485951,0,0,0,0,1,0.0,0,0,0.0,0,0,0,0,0,0,0.6120650768280029
354,64,64,2000,0,0,0,0,12520,8192,8192,102563840,0,0,0,0,0,0,0,0,0,0,0,0,0,0,0,0,0,0,0,0,0,0,0,0,0,1887485951,0,0,0,0,1,0.0,0,0,0.0,0,0,0,0,0,0,0.6150071620941162
355,64,4,2000,0,0,0,0,2399,8192,8192,19652608,0,0,0,0,0,0,0,0,0,0,0,0,0,0,0,0,0,0,0,0,0,0,0,0,0,1887485951,0,0,0,0,1,0.0,0,0,0.0,0,0,0,0,0,0,0.6253771781921387
356,128,64,2000,0,0,0,0,10030,8192,8192,82165760,0,0,0,0,0,0,0,0,0,0,0,0,0,0,0,0,0,0,0,0,0,0,0,0,0,1887485951,0,0,0,0,1,0.0,0,0,0.0,0,0,0,0,0,0,0.627387523651123
357,8,16,2000,0,0,0,0,1432,8192,8192,11730944,0,0,0,0,0,0,0,0,0,0,0,0,0,0,0,0,0,0,0,0,0,0,0,0,0,1887485951,0,0,0,0,1,0.0,0,0,0.0,0,0,0,0,0,0,0.6310715675354004
358,16,64,2000,0,0,0,0,7856,8192,8192,64356352,0,0,0,0,0,0,0,0,0,0,0,0,0,0,0,0,0,0,0,0,0,0,0,0,0,1887485951,0,0,0,0,1,0.0,0,0,0.0,0,0,0,0,0,0,0.6288814544677734
359,4,2,2000,0,0,0,0,35280,8192,8192,289013760,0,0,0,0,0,0,0,0,0,0,0,0,0,0,0,0,0,0,0,0,0,0,0,0,0,1887485951,0,0,0,0,1,0.0,0,0,0.0,0,0,0,0,0,0,0.6176168918609619
360,128,32,2000,0,0,0,0,16685,8192,8192,136683520,0,0,0,0,0,0,0,0,0,0,0,0,0,0,0,0,0,0,0,0,0,0,0,0,0,1887485951,0,0,0,0,1,0.0,0,0,0.0,0,0,0,0,0,0,0.6131711006164551
361,512,32,2000,0,0,0,0,8166,8192,8192,66895872,0,0,0,0,0,0,0,0,0,0,0,0,0,0,0,0,0,0,0,0,0,0,0,0,0,1887485951,0,0,0,0,1,0.0,0,0,0.0,0,0,0,0,0,0,0.6288940906524658
362,1024,4,2000,0,0,0,0,11814,8192,8192,96780288,0,0,0,0,0,0,0,0,0,0,0,0,0,0,0,0,0,0,0,0,0,0,0,0,0,1887485951,0,0,0,0,1,0.0,0,0,0.0,0,0,0,0,0,0,0.6181097030639648
363,16,128,2000,0,0,0,0,7883,8192,8192,64577536,0,0,0,0,0,0,0,0,0,0,0,0,0,0,0,0,0,0,0,0,0,0,0,0,0,1887485951,0,0,0,0,1,0.0,0,0,0.0,0,0,0,0,0,0,0.6255149841308594
364,4,1,2000,0,0,0,0,1648,8192,8192,13500416,0,0,0,0,0,0,0,0,0,0,0,0,0,0,0,0,0,0,0,0,0,0,0,0,0,1887485951,0,0,0,0,1,0.0,0,0,0.0,0,0,0,0,0,0,0.6167590618133545
365,4,128,2000,0,0,0,0,225,8192,8192,1843200,0,0,0,0,0,0,0,0,0,0,0,0,0,0,0,0,0,0,0,0,0,0,0,0,0,1887485951,0,0,0,0,1,0.0,0,0,0.0,0,0,0,0,0,0,0.6201605796813965
366,2,32,2000,0,0,0,0,36831,8192,8192,301719552,0,0,0,0,0,0,0,0,0,0,0,0,0,0,0,0,0,0,0,0,0,0,0,0,0,1887485951,0,0,0,0,1,0.0,0,0,0.0,0,0,0,0,0,0,0.6099119186401367
367,4,128,2000,0,0,0,0,7435,8192,8192,60907520,0,0,0,0,0,0,0,0,0,0,0,0,0,0,0,0,0,0,0,0,0,0,0,0,0,1887485951,0,0,0,0,1,0.0,0,0,0.0,0,0,0,0,0,0,0.6320881843566895
368,64,8,2000,0,0,0,0,15445,8192,8192,126525440,0,0,0,0,0,0,0,0,0,0,0,0,0,0,0,0,0,0,0,0,0,0,0,0,0,1887485951,0,0,0,0,1,0.0,0,0,0.0,0,0,0,0,0,0,0.6059765815734863
369,512,16,2000,0,0,0,0,0,0,0,0,0,0,0,0,0,0,0,0,0,0,0,0,0,0,0,0,0,0,0,0,0,0,0,0,0,1887485951,0,0,0,0,1,0.0,0,0,0.0,0,0,0,0,0,0,0.6303739547729492
370,8,1,2000,0,0,0,0,345,8192,8192,2826240,0,0,0,0,0,0,0,0,0,0,0,0,0,0,0,0,0,0,0,0,0,0,0,0,0,1887485951,0,0,0,0,1,0.0,0,0,0.0,0,0,0,0,0,0,0.6286365985870361
371,16,64,2000,0,0,0,0,7673,8192,8192,62857216,0,0,0,0,0,0,0,0,0,0,0,0,0,0,0,0,0,0,0,0,0,0,0,0,0,1887485951,0,0,0,0,1,0.0,0,0,0.0,0,0,0,0,0,0,0.6238470077514648
372,2,128,2000,0,0,0,0,9494,8192,8192,77774848,0,0,0,0,0,0,0,0,0,0,0,0,0,0,0,0,0,0,0,0,0,0,0,0,0,1887485951,0,0,0,0,1,0.0,0,0,0.0,0,0,0,0,0,0,0.6346852779388428
373,256,1,2000,0,0,0,0,39601,8192,8192,324411392,0,0,0,0,0,0,0,0,0,0,0,0,0,0,0,0,0,0,0,0,0,0,0,0,0,1887485951,0,0,0,0,1,0.0,0,0,0.0,0,0,0,0,0,0,0.6012654304504395
374,1024,8,2000,0,0,0,0,10533,8192,8192,86286336,0,0,0,0,0,0,0,0,0,0,0,0,0,0,0,0,0,0,0,0,0,0,0,0,0,1887485951,0,0,0,0,1,0.0,0,0,0.0,0,0,0,0,0,0,0.6332383155822754
375,8,16,2000,0,0,0,0,11626,8192,8192,95240192,0,0,0,0,0,0,0,0,0,0,0,0,0,0,0,0,0,0,0,0,0,0,0,0,0,1887485951,0,0,0,0,1,0.0,0,0,0.0,0,0,0,0,0,0,0.6246256828308105
376,32,2,2000,0,0,0,0,4893,8192,8192,40083456,0,0,0,0,0,0,0,0,0,0,0,0,0,0,0,0,0,0,0,0,0,0,0,0,0,1887485951,0,0,0,0,1,0.0,0,0,0.0,0,0,0,0,0,0,0.6338281631469727
377,1024,16,2000,0,0,0,0,383,8192,8192,3137536,0,0,0,0,0,0,0,0,0,0,0,0,0,0,0,0,0,0,0,0,0,0,0,0,0,1887485951,0,0,0,0,1,0.0,0,0,0.0,0,0,0,0,0,0,0.6242661476135254
378,64,64,2000,0,0,0,0,11,8192,8192,90112,0,0,0,0,0,0,0,0,0,0,0,0,0,0,0,0,0,0,0,0,0,0,0,0,0,1887485951,0,0,0,0,1,0.0,0,0,0.0,0,0,0,0,0,0,0.6314246654510498
379,512,256,2000,0,0,0,0,14649,8192,8192,120004608,0,0,0,0,0,0,0,0,0,0,0,0,0,0,0,0,0,0,0,0,0,0,0,0,0,1887485951,0,0,0,0,1,0.0,0,0,0.0,0,0,0,0,0,0,0.6213581562042236
380,1024,8,2000,0,0,0,0,38535,8192,8192,315678720,0,0,0,0,0,0,0,0,0,0,0,0,0,0,0,0,0,0,0,0,0,0,0,0,0,1887485951,0,0,0,0,1,0.0,0,0,0.0,0,0,0,0,0,0,0.599846601486206
381,1,128,2000,0,0,0,0,11195,8192,8192,91709440,0,0,0,0,0,0,0,0,0,0,0,0,0,0,0,0,0,0,0,0,0,0,0,0,0,1887485951,0,0,0,0,1,0.0,0,0,0.0,0,0,0,0,0,0,0.6256012916564941
382,2,256,2000,0,0,0,0,6466,8192,8192,52969472,0,0,0,0,0,0,0,0,0,0,0,0,0,0,0,0,0,0,0,0,0,0,0,0,0,1887485951,0,0,0,0,1,0.0,0,0,0.0,0,0,0,0,0,0,0.634129524230957
383,16,1,2000,0,0,0,0,0,0,0,0,0,0,0,0,0,0,0,0,0,0,0,0,0,0,0,0,0,0,0,0,0,0,0,0,0,1887485951,0,0,0,0,1,0.0,0,0,0.0,0,0,0,0,0,0,0.6120612621307373
384,2,128,2000,0,0,0,0,314,8192,8192,2572288,0,0,0,0,0,0,0,0,0,0,0,0,0,0,0,0,0,0,0,0,0,0,0,0,0,1887485951,0,0,0,0,1,0.0,0,0,0.0,0,0,0,0,0,0,0.6360394954681396
385,512,4,2000,0,0,0,0,0,0,0,0,0,0,0,0,0,0,0,0,0,0,0,0,0,0,0,0,0,0,0,0,0,0,0,0,0,1887485951,0,0,0,0,1,0.0,0,0,0.0,0,0,0,0,0,0,0.6192538738250732
386,64,4,2000,0,0,0,0,6660,8192,8192,54558720,0,0,0,0,0,0,0,0,0,0,0,0,0,0,0,0,0,0,0,0,0,0,0,0,0,1887485951,0,0,0,0,1,0.0,0,0,0.0,0,0,0,0,0,0,0.6138875484466553
387,1,2,2000,0,0,0,0,41863,8192,8192,342941696,0,0,0,0,0,0,0,0,0,0,0,0,0,0,0,0,0,0,0,0,0,0,0,0,0,1887485951,0,0,0,0,1,0.0,0,0,0.0,0,0,0,0,0,0,0.5977034568786621
388,4,8,2000,0,0,0,0,12122,8192,8192,99303424,0,0,0,0,0,0,0,0,0,0,0,0,0,0,0,0,0,0,0,0,0,0,0,0,0,1887485951,0,0,0,0,1,0.0,0,0,0.0,0,0,0,0,0,0,0.6271109580993652
389,1024,1,2000,0,0,0,0,11518,8192,8192,94355456,0,0,0,0,0,0,0,0,0,0,0,0,0,0,0,0,0,0,0,0,0,0,0,0,0,1887485951,0,0,0,0,1,0.0,0,0,0.0,0,0,0,0,0,0,0.6234369277954102
390,8,128,2000,0,0,0,0,9439,8192,8192,77324288,0,0,0,0,0,0,0,0,0,0,0,0,0,0,0,0,0,0,0,0,0,0,0,0,0,1887485951,0,0,0,0,1,0.0,0,0,0.0,0,0,0,0,0,0,0.6141977310180664
391,4,256,2000,0,0,0,0,2199,8192,8192,18014208,0,0,0,0,0,0,0,0,0,0,0,0,0,0,0,0,0,0,0,0,0,0,0,0,0,1887485951,0,0,0,0,1,0.0,0,0,0.0,0,0,0,0,0,0,0.6328716278076172
392,4,4,2000,0,0,0,0,148,8192,8192,1212416,0,0,0,0,0,0,0,0,0,0,0,0,0,0,0,0,0,0,0,0,0,0,0,0,0,1887485951,0,0,0,0,1,0.0,0,0,0.0,0,0,0,0,0,0,0.6254644393920898
393,512,64,2000,0,0,0,0,1236,8192,8192,10125312,0,0,0,0,0,0,0,0,0,0,0,0,0,0,0,0,0,0,0,0,0,0,0,0,0,1887485951,0,0,0,0,1,0.0,0,0,0.0,0,0,0,0,0,0,0.6130518913269043
394,32,64,2000,0,0,0,0,39659,8192,8192,324886528,0,0,0,0,0,0,0,0,0,0,0,0,0,0,0,0,0,0,0,0,0,0,0,0,0,1887485951,0,0,0,0,1,0.0,0,0,0.0,0,0,0,0,0,0,0.6008493900299072
395,128,1,2000,0,0,0,0,15977,8192,8192,130883584,0,0,0,0,0,0,0,0,0,0,0,0,0,0,0,0,0,0,0,0,0,0,0,0,0,1887485951,0,0,0,0,1,0.0,0,0,0.0,0,0,0,0,0,0,0.6018154621124268
396,1,2,2000,0,0,0,0,16690,8192,8192,136724480,0,0,0,0,0,0,0,0,0,0,0,0,0,0,0,0,0,0,0,0,0,0,0,0,0,1887485951,0,0,0,0,1,0.0,0,0,0.0,0,0,0,0,0,0,0.6274979114532471
397,8,32,2000,0,0,0,0,0,0,0,0,0,0,0,0,0,0,0,0,0,0,0,0,0,0,0,0,0,0,0,0,0,0,0,0,0,1887485951,0,0,0,0,1,0.0,0,0,0.0,0,0,0,0,0,0,0.6187407970428467
398,32,16,2000,0,0,0,0,34,8192,8192,278528,0,0,0,0,0,0,0,0,0,0,0,0,0,0,0,0,0,0,0,0,0,0,0,0,0,1887485951,0,0,0,0,1,0.0,0,0,0.0,0,0,0,0,0,0,0.6056392192840576
399,512,16,2000,0,0,0,0,0,0,0,0,0,0,0,0,0,0,0,0,0,0,0,0,0,0,0,0,0,0,0,0,0,0,0,0,0,1887485951,0,0,0,0,1,0.0,0,0,0.0,0,0,0,0,0,0,0.6250734329223633
400,16,1,2000,0,0,0,0,0,0,0,0,0,0,0,0,0,0,0,0,0,0,0,0,0,0,0,0,0,0,0,0,0,0,0,0,0,1887485951,0,0,0,0,1,0.0,0,0,0.0,0,0,0,0,0,0,0.6115429401397705
401,8,256,2000,0,0,0,0,43434,8192,8192,355811328,0,0,0,0,0,0,0,0,0,0,0,0,0,0,0,0,0,0,0,0,0,0,0,0,0,1887485951,0,0,0,0,1,0.0,0,0,0.0,0,0,0,0,0,0,0.5999855995178223
402,32,16,2000,0,0,0,0,16248,8192,8192,133103616,0,0,0,0,0,0,0,0,0,0,0,0,0,0,0,0,0,0,0,0,0,0,0,0,0,1887485951,0,0,0,0,1,0.0,0,0,0.0,0,0,0,0,0,0,0.608696460723877
403,8,4,2000,0,0,0,0,14938,8192,8192,122372096,0,0,0,0,0,0,0,0,0,0,0,0,0,0,0,0,0,0,0,0,0,0,0,0,0,1887485951,0,0,0,0,1,0.0,0,0,0.0,0,0,0,0,0,0,0.614182710647583
404,64,32,2000,0,0,0,0,10535,8192,8192,86302720,0,0,0,0,0,0,0,0,0,0,0,0,0,0,0,0,0,0,0,0,0,0,0,0,0,1887485951,0,0,0,0,1,0.0,0,0,0.0,0,0,0,0,0,0,0.6178815364837646
405,1024,2,2000,0,0,0,0,921,8192,8192,7544832,0,0,0,0,0,0,0,0,0,0,0,0,0,0,0,0,0,0,0,0,0,0,0,0,0,1887485951,0,0,0,0,1,0.0,0,0,0.0,0,0,0,0,0,0,0.6355948448181152
406,64,2,2000,0,0,0,0,798,8192,8192,6537216,0,0,0,0,0,0,0,0,0,0,0,0,0,0,0,0,0,0,0,0,0,0,0,0,0,1887485951,0,0,0,0,1,0.0,0,0,0.0,0,0,0,0,0,0,0.6217770576477051
407,256,4,2000,0,0,0,0,12433,8192,8192,101851136,0,0,0,0,0,0,0,0,0,0,0,0,0,0,0,0,0,0,0,0,0,0,0,0,0,1887485951,0,0,0,0,1,0.0,0,0,0.0,0,0,0,0,0,0,0.6126947402954102
408,128,32,2000,0,0,0,0,39365,8192,8192,322478080,0,0,0,0,0,0,0,0,0,0,0,0,0,0,0,0,0,0,0,0,0,0,0,0,0,1887485951,0,0,0,0,1,0.0,0,0,0.0,0,0,0,0,0,0,0.6251366138458252
409,1,128,2000,0,0,0,0,11970,8192,8192,98058240,0,0,0,0,0,0,0,0,0,0,0,0,0,0,0,0,0,0,0,0,0,0,0,0,0,1887485951,0,0,0,0,1,0.0,0,0,0.0,0,0,0,0,0,0,0.6251029968261719
410,8,1,2000,0,0,0,0,10526,8192,8192,86228992,0,0,0,0,0,0,0,0,0,0,0,0,0,0,0,0,0,0,0,0,0,0,0,0,0,1887485951,0,0,0,0,1,0.0,0,0,0.0,0,0,0,0,0,0,0.6201741695404053
411,512,4,2000,0,0,0,0,0,0,0,0,0,0,0,0,0,0,0,0,0,0,0,0,0,0,0,0,0,0,0,0,0,0,0,0,0,1887485951,0,0,0,0,1,0.0,0,0,0.0,0,0,0,0,0,0,0.6116909980773926
412,128,2,2000,0,0,0,0,3824,8192,8192,31326208,0,0,0,0,0,0,0,0,0,0,0,0,0,0,0,0,0,0,0,0,0,0,0,0,0,1887485951,0,0,0,0,1,0.0,0,0,0.0,0,0,0,0,0,0,0.6308202743530273
413,64,2,2000,0,0,0,0,13438,8192,8192,110084096,0,0,0,0,0,0,0,0,0,0,0,0,0,0,0,0,0,0,0,0,0,0,0,0,0,1887485951,0,0,0,0,1,0.0,0,0,0.0,0,0,0,0,0,0,0.6262576580047607
414,1,64,2000,0,0,0,0,1208,8192,8192,9895936,0,0,0,0,0,0,0,0,0,0,0,0,0,0,0,0,0,0,0,0,0,0,0,0,0,1887485951,0,0,0,0,1,0.0,0,0,0.0,0,0,0,0,0,0,0.6343550682067871
415,128,2,2000,0,0,0,0,39984,8192,8192,327548928,0,0,0,0,0,0,0,0,0,0,0,0,0,0,0,0,0,0,0,0,0,0,0,0,0,1887485951,0,0,0,0,1,0.0,0,0,0.0,0,0,0,0,0,0,0.618189811706543
416,4,1,2000,0,0,0,0,11133,8192,8192,91201536,0,0,0,0,0,0,0,0,0,0,0,0,0,0,0,0,0,0,0,0,0,0,0,0,0,1887485951,0,0,0,0,1,0.0,0,0,0.0,0,0,0,0,0,0,0.6179447174072266
417,16,32,2000,0,0,0,0,4869,8192,8192,39886848,0,0,0,0,0,0,0,0,0,0,0,0,0,0,0,0,0,0,0,0,0,0,0,0,0,1887485951,0,0,0,0,1,0.0,0,0,0.0,0,0,0,0,0,0,0.6289176940917969
418,2,2,2000,0,0,0,0,12022,8192,8192,98484224,0,0,0,0,0,0,0,0,0,0,0,0,0,0,0,0,0,0,0,0,0,0,0,0,0,1887485951,0,0,0,0,1,0.0,0,0,0.0,0,0,0,0,0,0,0.6158328056335449
419,256,32,2000,0,0,0,0,235,8192,8192,1925120,0,0,0,0,0,0,0,0,0,0,0,0,0,0,0,0,0,0,0,0,0,0,0,0,0,1887485951,0,0,0,0,1,0.0,0,0,0.0,0,0,0,0,0,0,0.6244101524353027
420,2,32,2000,0,0,0,0,21,8192,8192,172032,0,0,0,0,0,0,0,0,0,0,0,0,0,0,0,0,0,0,0,0,0,0,0,0,0,1887485951,0,0,0,0,1,0.0,0,0,0.0,0,0,0,0,0,0,0.6220488548278809
421,128,128,2000,0,0,0,0,285,8192,8192,2334720,0,0,0,0,0,0,0,0,0,0,0,0,0,0,0,0,0,0,0,0,0,0,0,0,0,1887485951,0,0,0,0,1,0.0,0,0,0.0,0,0,0,0,0,0,0.6165177822113037
422,2,8,2000,0,0,0,0,40304,8192,8192,330170368,0,0,0,0,0,0,0,0,0,0,0,0,0,0,0,0,0,0,0,0,0,0,0,0,0,1887485951,0,0,0,0,1,0.0,0,0,0.0,0,0,0,0,0,0,0.6258821487426758
423,512,64,2000,0,0,0,0,24389,8192,8192,199794688,0,0,0,0,0,0,0,0,0,0,0,0,0,0,0,0,0,0,0,0,0,0,0,0,0,1887485951,0,0,0,0,1,0.0,0,0,0.0,0,0,0,0,0,0,0.603649377822876
424,16,16,2000,0,0,0,0,12768,8192,8192,104595456,0,0,0,0,0,0,0,0,0,0,0,0,0,0,0,0,0,0,0,0,0,0,0,0,0,1887485951,0,0,0,0,1,0.0,0,0,0.0,0,0,0,0,0,0,0.6293909549713135
425,4,256,2000,0,0,0,0,0,0,0,0,0,0,0,0,0,0,0,0,0,0,0,0,0,0,0,0,0,0,0,0,0,0,0,0,0,1887485951,0,0,0,0,1,0.0,0,0,0.0,0,0,0,0,0,0,0.6057944297790527
426,512,2,2000,0,0,0,0,0,0,0,0,0,0,0,0,0,0,0,0,0,0,0,0,0,0,0,0,0,0,0,0,0,0,0,0,0,1887485951,0,0,0,0,1,0.0,0,0,0.0,0,0,0,0,0,0,0.6345529556274414
427,8,32,2000,0,0,0,0,0,0,0,0,0,0,0,0,0,0,0,0,0,0,0,0,0,0,0,0,0,0,0,0,0,0,0,0,0,1887485951,0,0,0,0,1,0.0,0,0,0.0,0,0,0,0,0,0,0.6331799030303955
428,64,1,2000,0,0,0,0,0,0,0,0,0,0,0,0,0,0,0,0,0,0,0,0,0,0,0,0,0,0,0,0,0,0,0,0,0,1887485951,0,0,0,0,1,0.0,0,0,0.0,0,0,0,0,0,0,0.6351325511932373
429,64,128,2000,0,0,0,0,0,0,0,0,0,0,0,0,0,0,0,0,0,0,0,0,0,0,0,0,0,0,0,0,0,0,0,0,0,1887485951,0,0,0,0,1,0.0,0,0,0.0,0,0,0,0,0,0,0.6132922172546387
430,2,256,2000,0,0,0,0,0,0,0,0,0,0,0,0,0,0,0,0,0,0,0,0,0,0,0,0,0,0,0,0,0,0,0,0,0,1887485951,0,0,0,0,1,0.0,0,0,0.0,0,0,0,0,0,0,0.6062188148498535
431,128,256,2000,0,0,0,0,0,0,0,0,0,0,0,0,0,0,0,0,0,0,0,0,0,0,0,0,0,0,0,0,0,0,0,0,0,1887485951,0,0,0,0,1,0.0,0,0,0.0,0,0,0,0,0,0,0.6028187274932861
432,128,1,2000,0,0,0,0,0,0,0,0,0,0,0,0,0,0,0,0,0,0,0,0,0,0,0,0,0,0,0,0,0,0,0,0,0,1887485951,0,0,0,0,1,0.0,0,0,0.0,0,0,0,0,0,0,0.601893424987793
433,64,256,2000,0,0,0,0,0,0,0,0,0,0,0,0,0,0,0,0,0,0,0,0,0,0,0,0,0,0,0,0,0,0,0,0,0,1887485951,0,0,0,0,1,0.0,0,0,0.0,0,0,0,0,0,0,0.6046407222747803
434,1024,16,2000,0,0,0,0,0,0,0,0,0,0,0,0,0,0,0,0,0,0,0,0,0,0,0,0,0,0,0,0,0,0,0,0,0,1887485951,0,0,0,0,1,0.0,0,0,0.0,0,0,0,0,0,0,0.6071679592132568
435,64,1,2000,0,0,0,0,0,0,0,0,0,0,0,0,0,0,0,0,0,0,0,0,0,0,0,0,0,0,0,0,0,0,0,0,0,1887485951,0,0,0,0,1,0.0,0,0,0.0,0,0,0,0,0,0,0.6098167896270752
436,1024,8,2000,0,0,0,0,0,0,0,0,0,0,0,0,0,0,0,0,0,0,0,0,0,0,0,0,0,0,0,0,0,0,0,0,0,1887485951,0,0,0,0,1,0.0,0,0,0.0,0,0,0,0,0,0,0.6054372787475586
437,8,2,2000,0,0,0,0,0,0,0,0,0,0,0,0,0,0,0,0,0,0,0,0,0,0,0,0,0,0,0,0,0,0,0,0,0,1887485951,0,0,0,0,1,0.0,0,0,0.0,0,0,0,0,0,0,0.6035032272338867
438,16,8,2000,0,0,0,0,0,0,0,0,0,0,0,0,0,0,0,0,0,0,0,0,0,0,0,0,0,0,0,0,0,0,0,0,0,1887485951,0,0,0,0,1,0.0,0,0,0.0,0,0,0,0,0,0,0.6057960987091064
439,256,128,2000,0,0,0,0,0,0,0,0,0,0,0,0,0,0,0,0,0,0,0,0,0,0,0,0,0,0,0,0,0,0,0,0,0,1887485951,0,0,0,0,1,0.0,0,0,0.0,0,0,0,0,0,0,0.6183438301086426
440,16,1,2000,0,0,0,0,0,0,0,0,0,0,0,0,0,0,0,0,0,0,0,0,0,0,0,0,0,0,0,0,0,0,0,0,0,1887485951,0,0,0,0,1,0.0,0,0,0.0,0,0,0,0,0,0,0.6036436557769775
441,16,64,2000,0,0,0,0,0,0,0,0,0,0,0,0,0,0,0,0,0,0,0,0,0,0,0,0,0,0,0,0,0,0,0,0,0,1887485951,0,0,0,0,1,0.0,0,0,0.0,0,0,0,0,0,0,0.6165168285369873
442,2,4,2000,0,0,0,0,0,0,0,0,0,0,0,0,0,0,0,0,0,0,0,0,0,0,0,0,0,0,0,0,0,0,0,0,0,1887485951,0,0,0,0,1,0.0,0,0,0.0,0,0,0,0,0,0,0.609107494354248
443,64,64,2000,0,0,0,0,0,0,0,0,0,0,0,0,0,0,0,0,0,0,0,0,0,0,0,0,0,0,0,0,0,0,0,0,0,1887485951,0,0,0,0,1,0.0,0,0,0.0,0,0,0,0,0,0,0.6088173389434814
444,1024,16,2000,0,0,0,0,0,0,0,0,0,0,0,0,0,0,0,0,0,0,0,0,0,0,0,0,0,0,0,0,0,0,0,0,0,1887485951,0,0,0,0,1,0.0,0,0,0.0,0,0,0,0,0,0,0.6088356971740723
445,8,128,2000,0,0,0,0,0,0,0,0,0,0,0,0,0,0,0,0,0,0,0,0,0,0,0,0,0,0,0,0,0,0,0,0,0,1887485951,0,0,0,0,1,0.0,0,0,0.0,0,0,0,0,0,0,0.6042616367340088
446,4,1,2000,0,0,0,0,0,0,0,0,0,0,0,0,0,0,0,0,0,0,0,0,0,0,0,0,0,0,0,0,0,0,0,0,0,1887485951,0,0,0,0,1,0.0,0,0,0.0,0,0,0,0,0,0,0.6126885414123535
